-- --------------------------------------------------------
-- Host:                         mariadb.connectus.social
-- Server version:               11.3.2-MariaDB-1:11.3.2+maria~ubu2204 - mariadb.org binary distribution
-- Server OS:                    debian-linux-gnu
-- HeidiSQL Version:             12.7.0.6850
-- --------------------------------------------------------

/*!40101 SET @OLD_CHARACTER_SET_CLIENT=@@CHARACTER_SET_CLIENT */;
/*!40101 SET NAMES utf8 */;
/*!50503 SET NAMES utf8mb4 */;
/*!40103 SET @OLD_TIME_ZONE=@@TIME_ZONE */;
/*!40103 SET TIME_ZONE='+00:00' */;
/*!40014 SET @OLD_FOREIGN_KEY_CHECKS=@@FOREIGN_KEY_CHECKS, FOREIGN_KEY_CHECKS=0 */;
/*!40101 SET @OLD_SQL_MODE=@@SQL_MODE, SQL_MODE='NO_AUTO_VALUE_ON_ZERO' */;
/*!40111 SET @OLD_SQL_NOTES=@@SQL_NOTES, SQL_NOTES=0 */;


-- Dumping database structure for post
CREATE DATABASE IF NOT EXISTS `post` /*!40100 DEFAULT CHARACTER SET utf8mb4 COLLATE utf8mb4_unicode_ci */;
USE `post`;

-- Dumping structure for table post.comment
CREATE TABLE IF NOT EXISTS `comment` (
  `id` bigint(20) NOT NULL AUTO_INCREMENT,
  `created_at` datetime(6) DEFAULT NULL,
  `updated_at` datetime(6) DEFAULT NULL,
  `author_id` bigint(20) DEFAULT NULL,
  `content` varchar(255) DEFAULT NULL,
  `post_id` bigint(20) DEFAULT NULL,
  PRIMARY KEY (`id`),
  KEY `FKs1slvnkuemjsq2kj4h3vhx7i1` (`post_id`),
  CONSTRAINT `FKs1slvnkuemjsq2kj4h3vhx7i1` FOREIGN KEY (`post_id`) REFERENCES `post` (`id`)
) ENGINE=InnoDB AUTO_INCREMENT=92 DEFAULT CHARSET=utf8mb4 COLLATE=utf8mb4_unicode_ci;

-- Dumping data for table post.comment: ~68 rows (approximately)
INSERT INTO `comment` (`id`, `created_at`, `updated_at`, `author_id`, `content`, `post_id`) VALUES
	(24, '2024-05-16 14:45:33.149889', '2024-05-16 14:45:33.149889', 7, '1234567890', 117),
	(25, '2024-05-16 16:40:38.351050', '2024-05-16 16:40:38.351050', 7, 'fqwfqwwf', 117),
	(26, '2024-05-16 17:06:02.279908', '2024-05-16 17:06:02.279908', 7, 'wqfqwfwq', 119),
	(27, '2024-05-16 17:06:09.737203', '2024-05-16 17:06:09.737203', 7, 'qwfqwwqfwqfwqfwqfwqf', 118),
	(28, '2024-05-16 23:22:05.135882', '2024-05-16 23:22:05.135882', 7, 'god jin joo', 119),
	(29, '2024-05-17 01:18:58.514338', '2024-05-17 01:18:58.514338', 7, 'good zz', 118),
	(30, '2024-05-17 01:33:48.028060', '2024-05-17 01:33:48.028060', 7, 'zzzz', 118),
	(31, '2024-05-17 01:34:00.741301', '2024-05-17 01:34:00.741301', 7, 'ddddf', 119),
	(32, '2024-05-17 01:40:00.298140', '2024-05-17 01:40:00.298140', 7, 'qqqqqq', 117),
	(33, '2024-05-17 01:41:43.401673', '2024-05-17 01:41:43.401673', 7, 'hdjdjdjdh', 117),
	(34, '2024-05-17 01:42:49.782650', '2024-05-17 01:42:49.782650', 7, 'aaaa', 117),
	(35, '2024-05-17 02:42:13.494851', '2024-05-17 02:42:13.494851', 10, '왕 귀영워', 144),
	(36, '2024-05-17 06:02:43.549370', '2024-05-17 06:02:43.549370', 10, '짱', 167),
	(37, '2024-05-17 06:02:58.970798', '2024-05-17 06:02:58.970798', 10, '맨날 쏟아주세요', 167),
	(38, '2024-05-17 06:35:23.417609', '2024-05-17 06:35:23.417609', 7, 'qqq', 142),
	(39, '2024-05-17 18:21:19.279284', '2024-05-17 18:21:19.279284', 7, 'test', 169),
	(40, '2024-05-17 18:24:29.193021', '2024-05-17 18:24:29.193021', 7, 'zzzz', 183),
	(41, '2024-05-17 18:35:13.187510', '2024-05-17 18:35:13.187510', 7, 'dddd', 180),
	(42, '2024-05-18 01:42:24.311640', '2024-05-18 01:42:24.311640', 7, '진주은니 ㅠㅠㅠㅠㅠ', 163),
	(43, '2024-05-18 01:51:40.048420', '2024-05-18 01:51:40.048420', 7, '', 162),
	(44, '2024-05-18 01:52:07.862888', '2024-05-18 01:52:07.862888', 7, '', 164),
	(45, '2024-05-18 01:57:23.819690', '2024-05-18 01:57:23.819690', 7, '', 161),
	(46, '2024-05-18 01:57:48.574295', '2024-05-18 01:57:48.574295', 7, '', 169),
	(47, '2024-05-18 01:58:04.767943', '2024-05-18 01:58:04.767943', 7, '', 168),
	(48, '2024-05-18 02:01:57.525127', '2024-05-18 02:01:57.525127', 7, '', 168),
	(49, '2024-05-18 02:02:21.443700', '2024-05-18 02:02:21.443700', 7, 'qqqqq', 168),
	(50, '2024-05-18 02:03:02.035335', '2024-05-18 02:03:02.035335', 7, 'qqqqqqqqqq', 168),
	(51, '2024-05-18 04:48:00.733364', '2024-05-18 04:48:00.733364', 7, '/??????머임', 195),
	(52, '2024-05-18 04:54:18.995137', '2024-05-18 04:54:18.995137', 7, 'ddgd', 196),
	(53, '2024-05-18 16:35:02.221041', '2024-05-18 16:35:02.221041', 7, 'qdqdqdqd', 201),
	(54, '2024-05-18 16:35:02.786330', '2024-05-18 16:35:02.786330', 7, '', 201),
	(55, '2024-05-18 16:35:05.724683', '2024-05-18 16:35:05.724683', 7, 'ggdgd', 201),
	(56, '2024-05-18 16:35:32.510500', '2024-05-18 16:35:32.510500', 7, '제 수많은 요청이 보이시나요?????', 202),
	(57, '2024-05-18 16:46:53.278653', '2024-05-18 16:46:53.278653', 7, 'ㅂㅇㅂㅇㅂㅇㅂ', 191),
	(58, '2024-05-18 16:47:09.135824', '2024-05-18 16:47:09.135824', 7, '갓 찬 영', 221),
	(59, '2024-05-18 16:47:27.568112', '2024-05-18 16:47:27.568112', 7, '저의 댓글이 보이시나요?', 192),
	(60, '2024-05-18 21:07:10.392514', '2024-05-18 21:07:10.392514', 7, '찬영크파크님 왜 신호동에 있써!!!!!', 268),
	(61, '2024-05-18 21:10:05.081535', '2024-05-18 21:10:05.081535', 7, '나는 일렉기타다', 267),
	(62, '2024-05-18 23:28:13.219216', '2024-05-18 23:28:13.219216', 7, '그저 신….갓영욱', 200),
	(63, '2024-05-19 03:42:30.777558', '2024-05-19 03:42:30.777558', 7, '진짜 자요', 269),
	(64, '2024-05-19 09:44:58.543695', '2024-05-19 09:44:58.543695', 7, '갓갓영욱', 197),
	(65, '2024-05-19 09:49:32.829821', '2024-05-19 09:49:32.829821', 7, '우오아ㅏㅇ', 270),
	(66, '2024-05-19 10:12:00.985289', '2024-05-19 10:12:00.985289', 7, '은니 짱', 273),
	(67, '2024-05-19 10:34:37.447750', '2024-05-19 10:34:37.447750', 7, '헐 왜지각임', 272),
	(68, '2024-05-19 10:34:41.963530', '2024-05-19 10:34:41.963530', 7, '해명좀', 272),
	(69, '2024-05-19 10:37:45.414630', '2024-05-19 10:37:45.414630', 7, '갓 찬 영', 221),
	(70, '2024-05-19 10:38:24.476640', '2024-05-19 10:38:24.476640', 7, '헐 언니 짱', 177),
	(71, '2024-05-19 10:38:37.788662', '2024-05-19 10:38:37.788662', 7, '갓 진 주', 171),
	(72, '2024-05-19 10:38:54.401426', '2024-05-19 10:38:54.401426', 7, '진 갓 주', 172),
	(73, '2024-05-19 13:30:36.288620', '2024-05-19 13:30:36.288620', 7, '그녀는 황이야', 275),
	(74, '2024-05-19 13:51:48.906268', '2024-05-19 13:51:48.906268', 7, '안녕', 279),
	(75, '2024-05-19 13:56:02.153976', '2024-05-19 13:56:02.153976', 7, '뷰 보다는 리액트 아닌가요', 284),
	(76, '2024-05-19 13:56:22.633295', '2024-05-19 13:56:22.633295', 2, '네...', 284),
	(77, '2024-05-19 13:56:31.825930', '2024-05-19 13:56:31.825930', 10, '저는 앵귤러요', 284),
	(78, '2024-05-19 13:57:57.007104', '2024-05-19 13:57:57.007104', 2, '🥲', 284),
	(79, '2024-05-19 13:58:04.070087', '2024-05-19 13:58:04.070087', 7, '나는 짱', 282),
	(80, '2024-05-19 13:58:25.943856', '2024-05-19 13:58:25.943856', 2, '✌️', 282),
	(81, '2024-05-19 13:58:42.742436', '2024-05-19 13:58:42.742436', 2, 'Closer...', 279),
	(82, '2024-05-19 14:35:29.623006', '2024-05-19 14:35:29.623006', 2, '😳', 268),
	(83, '2024-05-19 15:14:40.164486', '2024-05-19 15:14:40.164486', 21, '헐', 286),
	(84, '2024-05-19 15:15:19.993989', '2024-05-19 15:15:19.993989', 21, 'ㅎㅇㅎㅇ', 281),
	(85, '2024-05-19 15:50:18.089931', '2024-05-19 15:50:18.089931', 21, '언니 짱', 285),
	(86, '2024-05-19 21:04:44.038067', '2024-05-19 21:04:44.038067', 12, '오늘도 수고하신 영욱님, 모두들 고생하셨어요!', 295),
	(87, '2024-05-19 21:06:39.710101', '2024-05-19 21:06:39.710101', 12, '최.강.물.회.', 294),
	(88, '2024-05-19 21:25:50.963059', '2024-05-19 21:25:50.963059', 12, '최고', 286),
	(89, '2024-05-19 21:28:02.153035', '2024-05-19 21:28:02.153035', 12, '그녀는 갓이야', 275),
	(90, '2024-05-20 04:06:35.373312', '2024-05-20 04:06:35.373312', 21, '놔아아아', 315),
	(91, '2024-05-20 09:21:14.824771', '2024-05-20 09:21:14.824771', 10, '맛있겠네요 부럽습니다', 316);

-- Dumping structure for table post.feed
CREATE TABLE IF NOT EXISTS `feed` (
  `id` bigint(20) NOT NULL AUTO_INCREMENT,
  `post_id_list` varchar(255) DEFAULT NULL,
  `walk_id` bigint(20) DEFAULT NULL,
  PRIMARY KEY (`id`)
) ENGINE=InnoDB AUTO_INCREMENT=17 DEFAULT CHARSET=utf8mb4 COLLATE=utf8mb4_unicode_ci;

-- Dumping data for table post.feed: ~16 rows (approximately)
INSERT INTO `feed` (`id`, `post_id_list`, `walk_id`) VALUES
	(1, '[]', 7),
	(2, '[]', 7),
	(3, '[]', 7),
	(4, '[]', 7),
	(5, '[]', 7),
	(6, '[]', 7),
	(7, '[]', 7),
	(8, '[]', 7),
	(9, '[4]', 7),
	(10, '[5]', 7),
	(11, '[6]', 7),
	(12, '[7]', 7),
	(13, '[8, 9]', 8),
	(14, '[10, 11]', 8),
	(15, '[12, 13]', 8),
	(16, '[14, 15]', 8);

-- Dumping structure for table post.post
CREATE TABLE IF NOT EXISTS `post` (
  `id` bigint(20) NOT NULL AUTO_INCREMENT,
  `created_at` datetime(6) DEFAULT NULL,
  `updated_at` datetime(6) DEFAULT NULL,
  `author_id` bigint(20) DEFAULT NULL,
  `content` varchar(255) DEFAULT NULL,
  `image_url` varchar(10000) DEFAULT NULL,
  `walk_id` bigint(20) DEFAULT NULL,
  `spot_id` bigint(20) DEFAULT NULL,
  PRIMARY KEY (`id`)
) ENGINE=InnoDB AUTO_INCREMENT=325 DEFAULT CHARSET=utf8mb4 COLLATE=utf8mb4_unicode_ci;

-- Dumping data for table post.post: ~223 rows (approximately)
INSERT INTO `post` (`id`, `created_at`, `updated_at`, `author_id`, `content`, `image_url`, `walk_id`, `spot_id`) VALUES
	(84, '2024-05-16 17:49:47.882002', '2024-05-16 17:49:47.882002', 1, 'firstWalk-firstPost', 'https://e106-connectus.s3.ap-northeast-2.amazonaws.com/1.jpg', 16, NULL),
	(85, '2024-05-16 17:49:47.942009', '2024-05-16 17:49:47.942009', 1, 'firstWalk-secondPost', 'https://e106-connectus.s3.ap-northeast-2.amazonaws.com/2.jpg', 16, NULL),
	(86, '2024-05-16 17:49:47.996002', '2024-05-16 17:49:47.996002', 1, 'firstWalk-thirdPost', 'https://e106-connectus.s3.ap-northeast-2.amazonaws.com/3.jpg', 16, NULL),
	(87, '2024-05-16 17:49:48.067004', '2024-05-16 17:49:48.067004', 1, 'firstWalk-fourthPost', 'https://e106-connectus.s3.ap-northeast-2.amazonaws.com/4.jpg', 16, NULL),
	(88, '2024-05-16 17:51:43.616084', '2024-05-16 17:51:43.616084', 1, 'secondWalk-firstPost', 'https://e106-connectus.s3.ap-northeast-2.amazonaws.com/1.jpg', 17, NULL),
	(89, '2024-05-16 17:51:43.672079', '2024-05-16 17:51:43.672079', 1, 'secondWalk-secondPost', 'https://e106-connectus.s3.ap-northeast-2.amazonaws.com/2.jpg', 17, NULL),
	(90, '2024-05-16 17:51:43.732075', '2024-05-16 17:51:43.732075', 1, 'secondWalk-thirdPost', 'https://e106-connectus.s3.ap-northeast-2.amazonaws.com/3.jpg', 17, NULL),
	(91, '2024-05-16 17:53:48.370875', '2024-05-16 17:53:48.370875', 1, 'thirdWalk-firstPost', 'https://e106-connectus.s3.ap-northeast-2.amazonaws.com/1.jpg', 18, NULL),
	(92, '2024-05-16 17:53:48.425875', '2024-05-16 17:53:48.425875', 1, 'thirdWalk-secondPost', 'https://e106-connectus.s3.ap-northeast-2.amazonaws.com/2.jpg', 18, NULL),
	(93, '2024-05-16 17:53:48.486893', '2024-05-16 17:53:48.486893', 1, 'thirdWalk-thirdPost', 'https://e106-connectus.s3.ap-northeast-2.amazonaws.com/3.jpg', 18, NULL),
	(94, '2024-05-16 17:53:48.547875', '2024-05-16 17:53:48.547875', 1, 'thirdWalk-fourthPost', 'https://e106-connectus.s3.ap-northeast-2.amazonaws.com/4.jpg', 18, NULL),
	(95, '2024-05-16 17:55:39.163231', '2024-05-16 17:55:39.163231', 1, 'fourthWalk-firstPost', 'https://e106-connectus.s3.ap-northeast-2.amazonaws.com/1.jpg', 19, NULL),
	(96, '2024-05-16 17:55:39.214226', '2024-05-16 17:55:39.214226', 1, 'fourthWalk-secondPost', 'https://e106-connectus.s3.ap-northeast-2.amazonaws.com/2.jpg', 19, NULL),
	(97, '2024-05-16 17:55:39.273226', '2024-05-16 17:55:39.273226', 1, 'fourthWalk-thirdPost', 'https://e106-connectus.s3.ap-northeast-2.amazonaws.com/3.jpg', 19, NULL),
	(98, '2024-05-16 17:56:49.498508', '2024-05-16 17:56:49.498508', 1, 'fifthWalk-firstPost', 'https://e106-connectus.s3.ap-northeast-2.amazonaws.com/1.jpg', 20, NULL),
	(99, '2024-05-16 17:56:49.558507', '2024-05-16 17:56:49.558507', 1, 'fifthWalk-secondPost', 'https://e106-connectus.s3.ap-northeast-2.amazonaws.com/2.jpg', 20, NULL),
	(100, '2024-05-16 17:59:36.852974', '2024-05-16 17:59:36.852974', 1, 'sixthWalk-firstPost', 'https://e106-connectus.s3.ap-northeast-2.amazonaws.com/1.jpg', 21, NULL),
	(101, '2024-05-16 17:59:36.903955', '2024-05-16 17:59:36.903955', 1, 'sixthWalk-secondPost', 'https://e106-connectus.s3.ap-northeast-2.amazonaws.com/2.jpg', 21, NULL),
	(102, '2024-05-16 17:59:36.963945', '2024-05-16 17:59:36.963945', 1, 'sixthWalk-thirdPost', 'https://e106-connectus.s3.ap-northeast-2.amazonaws.com/3.jpg', 21, NULL),
	(103, '2024-05-16 17:59:37.011947', '2024-05-16 17:59:37.011947', 1, 'sixthWalk-fourthPost', 'https://e106-connectus.s3.ap-northeast-2.amazonaws.com/4.jpg', 21, NULL),
	(104, '2024-05-16 17:59:37.067946', '2024-05-16 17:59:37.067946', 1, 'sixthWalk-fifthPost-image->null', NULL, 21, NULL),
	(105, '2024-05-16 21:53:29.102691', '2024-05-16 21:53:29.102691', 1, 'sevenWalk-firstPost', 'https://e106-connectus.s3.ap-northeast-2.amazonaws.com/1.jpg', 22, NULL),
	(106, '2024-05-16 21:53:29.927123', '2024-05-16 21:53:29.927123', 1, 'sevenWalk-secondPost', 'https://e106-connectus.s3.ap-northeast-2.amazonaws.com/2.jpg', 22, NULL),
	(107, '2024-05-16 21:53:29.994101', '2024-05-16 21:53:29.994101', 1, 'sevenWalk-thirdPost', 'https://e106-connectus.s3.ap-northeast-2.amazonaws.com/3.jpg', 22, NULL),
	(108, '2024-05-16 21:53:30.056565', '2024-05-16 21:53:30.056565', 1, 'sevenWalk-fourthPost', 'https://e106-connectus.s3.ap-northeast-2.amazonaws.com/4.jpg', 22, NULL),
	(109, '2024-05-16 21:53:30.116141', '2024-05-16 21:53:30.116141', 1, 'sevenWalk-fifthPost-image->null', NULL, 22, NULL),
	(110, '2024-05-16 13:19:10.789790', '2024-05-16 13:19:10.789790', 1, 'eighthWalk-firstPost', 'https://e106-connectus.s3.ap-northeast-2.amazonaws.com/1.jpg', 23, NULL),
	(111, '2024-05-16 13:19:10.838082', '2024-05-16 13:19:10.838082', 1, 'eighthWalk-secondPost', 'https://e106-connectus.s3.ap-northeast-2.amazonaws.com/2.jpg', 23, NULL),
	(112, '2024-05-16 13:19:10.844973', '2024-05-16 13:19:10.844973', 1, 'eighthWalk-thirdPost', 'https://e106-connectus.s3.ap-northeast-2.amazonaws.com/3.jpg', 23, NULL),
	(113, '2024-05-16 13:19:10.850892', '2024-05-16 13:19:10.850892', 1, 'eighthWalk-fourthPost', 'https://e106-connectus.s3.ap-northeast-2.amazonaws.com/4.jpg', 23, NULL),
	(114, '2024-05-16 13:19:10.856786', '2024-05-16 13:19:10.856786', 1, 'eighthWalk-fifthPost-image->null', NULL, 23, NULL),
	(115, '2024-05-16 13:20:29.992115', '2024-05-16 13:20:29.992115', 7, 'ffffff', 'https://e106-connectus.s3.ap-northeast-2.amazonaws.com/test.jpg', 24, NULL),
	(117, '2024-05-16 13:44:47.482447', '2024-05-16 13:44:47.482447', 7, 'ddddddd', 'https://e106-connectus.s3.ap-northeast-2.amazonaws.com/feed1344451240.jpg', 26, NULL),
	(118, '2024-05-16 15:28:34.970921', '2024-05-16 15:28:34.970921', 7, 'itemtetetwt', 'https://e106-connectus.s3.ap-northeast-2.amazonaws.com/90cbcc68-713c-461a-bced-c5fbb5f11b9ffeed1528310460.jpg', 27, NULL),
	(119, '2024-05-16 15:28:35.038891', '2024-05-16 15:28:35.038891', 7, 'qwfqwfwqfwqf', 'https://e106-connectus.s3.ap-northeast-2.amazonaws.com/bad65080-ecbf-4253-9c89-bce3d7fd5565feed1528310461.jpg', 27, NULL),
	(120, '2024-05-16 15:28:39.550678', '2024-05-16 15:28:39.550678', 7, 'itemtetetwt', 'https://e106-connectus.s3.ap-northeast-2.amazonaws.com/3d1c786a-497a-4ffb-b7c1-b0213da76087feed1528368060.jpg', 28, NULL),
	(121, '2024-05-16 15:28:39.556510', '2024-05-16 15:28:39.556510', 7, 'qwfqwfwqfwqf', 'https://e106-connectus.s3.ap-northeast-2.amazonaws.com/fc5f17f2-25ca-42ee-a718-6cfd10b19694feed1528368061.jpg', 28, NULL),
	(122, '2024-05-16 16:07:41.259055', '2024-05-16 16:07:41.259055', 7, 'gqefqwfwq', 'https://e106-connectus.s3.ap-northeast-2.amazonaws.com/5f64fdc1-674c-47fd-a8b6-0c9662458d1ffeed1607387060.jpg', 29, NULL),
	(123, '2024-05-16 23:37:01.326722', '2024-05-16 23:37:01.326722', 7, 'Good\n', 'https://e106-connectus.s3.ap-northeast-2.amazonaws.com/7dab0e5f-b488-4b4e-ae29-5a3756147237feed2336576550.jpg', 30, NULL),
	(124, '2024-05-16 23:37:01.340367', '2024-05-16 23:37:01.340367', 7, 'cat', 'https://e106-connectus.s3.ap-northeast-2.amazonaws.com/2917f435-2de4-4d33-b757-2bf093e68db0feed2336576551.jpg', 30, NULL),
	(142, '2024-05-17 02:31:51.188073', '2024-05-17 02:31:51.708522', 7, 'qqqqq', 'https://e106-connectus.s3.ap-northeast-2.amazonaws.com/905779dc-bc74-44ab-a7ea-1e3c7b5f42bcfeed0231463590.jpg', 45, 449616917989183012),
	(143, '2024-05-17 02:41:23.627986', '2024-05-17 02:41:23.679881', 10, '고양이 귀여웡><', 'https://e106-connectus.s3.ap-northeast-2.amazonaws.com/c8e1da37-9ac1-40ba-8f5b-5396948f75b4feed1141179740.jpg', 46, 449616917989183014),
	(144, '2024-05-17 02:41:26.809625', '2024-05-17 02:41:26.858913', 10, '고양이 귀여웡><', 'https://e106-connectus.s3.ap-northeast-2.amazonaws.com/9be62223-6482-4590-979c-19c6fb4b5599feed1141209690.jpg', 47, 449616917989183016),
	(145, '2024-05-17 02:43:48.552538', '2024-05-17 02:43:48.602544', 10, '고양이 귀여웡><', 'https://e106-connectus.s3.ap-northeast-2.amazonaws.com/87e36f01-a0d6-4a54-8ea1-d079bb3044fafeed1143351700.jpg', 48, 449616917989183018),
	(146, '2024-05-17 02:56:31.639123', '2024-05-17 02:56:31.692869', 7, 'qwfqwfqwfqwfqwf', 'https://e106-connectus.s3.ap-northeast-2.amazonaws.com/81516716-d890-4b21-b360-24a458f0e91efeed0256279620.jpg', 49, 449616917989183020),
	(147, '2024-05-17 03:08:21.982187', '2024-05-17 03:08:22.054133', 7, '고양이는 진리입니다', 'https://e106-connectus.s3.ap-northeast-2.amazonaws.com/513f627f-c9ea-49d5-88e0-cca569c529fdfeed1208198210.jpg', 50, 449616917989183024),
	(148, '2024-05-17 03:08:21.986836', '2024-05-17 03:08:22.054300', 7, '테스트 중입니다', 'https://e106-connectus.s3.ap-northeast-2.amazonaws.com/ba717ac9-3abc-4705-abf2-b9fa53c78356feed1208198211.jpg', 50, 449616917989183025),
	(149, '2024-05-17 04:03:13.533339', '2024-05-17 04:03:13.754432', 2, '맛있는 국수', 'https://e106-connectus.s3.ap-northeast-2.amazonaws.com/89706a9d-63d1-470e-84d9-decf07e146b0feed1303108190.jpg', 51, 449616917989183031),
	(150, '2024-05-17 04:05:18.604469', '2024-05-17 04:05:18.665882', 2, '맛있는 국수', 'https://e106-connectus.s3.ap-northeast-2.amazonaws.com/c7820104-d2ac-4683-b592-e58b16da00d9feed1305167780.jpg', 52, 449616917989183033),
	(151, '2024-05-17 05:09:28.641008', '2024-05-17 05:09:28.777551', 1, '찬영의 방명록을 받아랏!!!', NULL, 53, 449616917989183035),
	(152, '2024-05-17 05:09:46.868088', '2024-05-17 05:09:46.910411', 1, '찬영의 방명록을 받아랏!!!', NULL, 54, 449616917989183037),
	(153, '2024-05-17 05:15:38.558013', '2024-05-17 05:15:38.602781', 1, '찬영의 방명록을 받아랏!!!', NULL, 55, 449616917989183039),
	(154, '2024-05-17 05:16:05.067772', '2024-05-17 05:16:05.116555', 1, '찬영의 방명록을 받아랏!!!', NULL, 56, 449616917989183041),
	(155, '2024-05-17 05:16:28.152733', '2024-05-17 05:16:28.215261', 7, 'ddd', 'https://e106-connectus.s3.ap-northeast-2.amazonaws.com/d99b9fd3-c029-40d4-8bbc-582b3cac3b6dfeed0516247020.jpg', 57, 449616917989183043),
	(156, '2024-05-17 05:23:50.203968', '2024-05-17 05:23:50.256239', 10, '초코라떼 샷 추가', 'https://e106-connectus.s3.ap-northeast-2.amazonaws.com/a1f35155-5b0d-4af6-a7f2-77f048318024feed1423484430.jpg', 58, 449616917989183051),
	(157, '2024-05-17 05:24:08.659153', '2024-05-17 05:24:08.695878', 10, '초코라떼 샷 추가', 'https://e106-connectus.s3.ap-northeast-2.amazonaws.com/81eb93bf-f51d-4d97-99d2-5bd5be9ea1d2feed1424065410.jpg', 59, 449616917989183053),
	(158, '2024-05-17 05:24:18.901861', '2024-05-17 05:24:18.958875', 7, 'ffffffffff', 'https://e106-connectus.s3.ap-northeast-2.amazonaws.com/9ddc4c45-d9f9-4c33-974d-d1b6d5ca1cebfeed0524152790.jpg', 60, 449616917989183055),
	(159, '2024-05-17 05:33:47.107934', '2024-05-17 05:33:47.154120', 10, '이이잉', 'https://e106-connectus.s3.ap-northeast-2.amazonaws.com/fa7c2d0b-9b07-4ce5-933d-52eed7fcae36feed1433405690.jpg', 61, 449616917989183057),
	(160, '2024-05-17 05:33:49.834724', '2024-05-17 05:33:49.873314', 10, '이이잉', 'https://e106-connectus.s3.ap-northeast-2.amazonaws.com/acad619c-e9e3-4497-a7d9-17d647785198feed1433411490.jpg', 62, 449616917989183059),
	(161, '2024-05-17 05:34:26.965726', '2024-05-17 05:34:27.168209', 7, 'qwer', 'https://e106-connectus.s3.ap-northeast-2.amazonaws.com/264fcf4d-8deb-4321-a9d1-5d41c05651a8feed0534230010.jpg', 63, 449616917989183061),
	(162, '2024-05-17 05:36:04.182372', '2024-05-17 05:36:04.220414', 10, '이이잉', 'https://e106-connectus.s3.ap-northeast-2.amazonaws.com/13225f2f-ce75-461b-8c53-b2c257f3f1c3feed1435585800.jpg', 64, 449616917989183063),
	(163, '2024-05-17 05:36:40.087668', '2024-05-17 05:36:40.125377', 10, '가자', 'https://e106-connectus.s3.ap-northeast-2.amazonaws.com/7a2dd796-3922-46b1-b0d2-75071fe45c66feed1436376030.jpg', 65, 449616917989183065),
	(164, '2024-05-17 05:36:42.079196', '2024-05-17 05:36:42.123950', 10, '가자', 'https://e106-connectus.s3.ap-northeast-2.amazonaws.com/38244213-5056-4c27-bf28-8636d637e21bfeed1436383740.jpg', 66, 449616917989183067),
	(165, '2024-05-17 05:38:38.111782', '2024-05-17 05:38:38.160016', 7, '1234124', 'https://e106-connectus.s3.ap-northeast-2.amazonaws.com/1a5b1329-8c5d-4cbc-af73-c320791fba31feed0538343180.jpg', 67, 449616917989183069),
	(166, '2024-05-17 05:38:38.116552', '2024-05-17 05:38:38.160271', 7, '1234124', 'https://e106-connectus.s3.ap-northeast-2.amazonaws.com/d676695f-42c0-42ed-9ea4-ea5d68c67f95feed0538343181.jpg', 67, 449616917989183070),
	(167, '2024-05-17 06:01:21.262830', '2024-05-17 06:01:21.658535', 10, '경치 좋죠?  저는 여기서 음료를 엎었어요', 'https://e106-connectus.s3.ap-northeast-2.amazonaws.com/cad74e5f-4b25-4b57-aeee-4ab40d66e971feed1501177950.jpg', 68, 449616917989183072),
	(168, '2024-05-17 06:33:15.174901', '2024-05-17 06:33:15.415594', 7, 'cat', 'https://e106-connectus.s3.ap-northeast-2.amazonaws.com/fcc785ce-35f1-4eb7-a046-9402cef64373feed0633103510.jpg', 69, 449616917989183076),
	(169, '2024-05-17 06:33:16.329132', '2024-05-17 06:33:16.397110', 7, 'cat', 'https://e106-connectus.s3.ap-northeast-2.amazonaws.com/7da971a6-944b-4dea-8b28-ac8256862128feed0633127500.jpg', 70, 449616917989183078),
	(170, '2024-05-17 11:51:25.479312', '2024-05-17 11:51:25.704002', 10, '짱 이쁘죠 대박이죠', 'https://e106-connectus.s3.ap-northeast-2.amazonaws.com/b06f85f1-118c-4256-af74-72f65467c99efeed2051231390.jpg', 73, 449616917989183095),
	(171, '2024-05-17 11:51:25.480281', '2024-05-17 11:51:25.700056', 10, '짱 이쁘죠 대박이죠', 'https://e106-connectus.s3.ap-northeast-2.amazonaws.com/ddcc76c8-fb3e-4657-94da-3ba90452affefeed2051199560.jpg', 75, 449616917989183089),
	(172, '2024-05-17 11:51:25.480195', '2024-05-17 11:51:25.704002', 10, '짱 이쁘죠 대박이죠', 'https://e106-connectus.s3.ap-northeast-2.amazonaws.com/7082b9c4-f07f-4613-9ac8-d6d7460dcc58feed2051186660.jpg', 72, 449616917989183091),
	(173, '2024-05-17 11:51:25.480080', '2024-05-17 11:51:25.717625', 10, '짱 이쁘죠 대박이죠', 'https://e106-connectus.s3.ap-northeast-2.amazonaws.com/074398aa-06dc-4271-b731-52dc8f0c560dfeed2051235570.jpg', 71, 449616917989183097),
	(174, '2024-05-17 11:51:25.479436', '2024-05-17 11:51:25.699323', 10, '짱 이쁘죠 대박이죠', 'https://e106-connectus.s3.ap-northeast-2.amazonaws.com/614feb9b-2a97-48a1-afc5-84ff814b18f0feed2051208800.jpg', 74, 449616917989183093),
	(175, '2024-05-17 11:51:27.031634', '2024-05-17 11:51:27.098628', 10, '짱 이쁘죠 대박이죠', 'https://e106-connectus.s3.ap-northeast-2.amazonaws.com/dd3728a1-43c0-4924-b78f-5fc9462f792efeed2051240800.jpg', 77, 449616917989183099),
	(176, '2024-05-17 11:51:27.058621', '2024-05-17 11:51:27.128515', 10, '짱 이쁘죠 대박이죠', 'https://e106-connectus.s3.ap-northeast-2.amazonaws.com/e734fe4f-fda2-4b28-8d4f-357765c98cfefeed2051245620.jpg', 76, 449616917989183101),
	(177, '2024-05-17 11:51:27.177819', '2024-05-17 11:51:27.227066', 10, '짱 이쁘죠 대박이죠', 'https://e106-connectus.s3.ap-northeast-2.amazonaws.com/03a53d9e-73cc-4609-9b9e-e8374e9a0fbafeed2051238170.jpg', 78, 449616917989183103),
	(178, '2024-05-17 11:58:49.360734', '2024-05-17 11:58:49.413930', 7, 'nnee', 'https://e106-connectus.s3.ap-northeast-2.amazonaws.com/d30ca1dc-7d97-4bd9-ae77-9ee95564eac8feed1158479060.jpg', 79, 449616917989183105),
	(179, '2024-05-17 12:01:32.721521', '2024-05-17 12:01:32.793778', 7, 'nnee', 'https://e106-connectus.s3.ap-northeast-2.amazonaws.com/6c30043d-e8d6-4af8-a19e-9ff9a2028898feed1201312290.jpg', 80, 449616917989183107),
	(180, '2024-05-17 12:01:32.729235', '2024-05-17 12:01:32.794108', 7, 'qq', 'https://e106-connectus.s3.ap-northeast-2.amazonaws.com/88530c80-af3c-4a95-bbc3-3c5be0637032feed1201312291.jpg', 80, 449616917989183108),
	(181, '2024-05-17 12:01:41.124976', '2024-05-17 12:01:41.181197', 7, 'nnee', 'https://e106-connectus.s3.ap-northeast-2.amazonaws.com/e0eda325-0cc1-4f9f-9fe4-604f46d9f18bfeed1201396670.jpg', 81, 449616917989183110),
	(182, '2024-05-17 12:01:41.129459', '2024-05-17 12:01:41.181438', 7, 'qq', 'https://e106-connectus.s3.ap-northeast-2.amazonaws.com/91bad97b-0e8a-456e-97df-59b737ab7715feed1201396671.jpg', 81, 449616917989183111),
	(183, '2024-05-17 12:04:48.226487', '2024-05-17 12:04:48.309128', 7, 'nnee', 'https://e106-connectus.s3.ap-northeast-2.amazonaws.com/a148edce-ddff-471f-b137-c05938ee8eb6feed1204466840.jpg', 82, 449616917989183113),
	(184, '2024-05-17 12:04:48.231225', '2024-05-17 12:04:48.309447', 7, 'qq', 'https://e106-connectus.s3.ap-northeast-2.amazonaws.com/650c76e6-c65b-4221-ab8a-8ef9c3ace1dbfeed1204466841.jpg', 82, 449616917989183114),
	(185, '2024-05-17 12:08:18.411043', '2024-05-17 12:08:18.467466', 7, 'qwewqe', 'https://e106-connectus.s3.ap-northeast-2.amazonaws.com/0a8b0f28-ef38-4e16-8fd8-2ae1e3b07e3efeed1208170140.jpg', 83, 449616917989183116),
	(186, '2024-05-18 03:31:52.044220', '2024-05-18 03:31:52.434574', 7, 'xptmxm', 'https://e106-connectus.s3.ap-northeast-2.amazonaws.com/075ead92-7467-42a9-b108-6f0f28b3b075feed1231472810.jpg', 84, 449616917989183124),
	(187, '2024-05-18 03:31:52.088636', '2024-05-18 03:31:52.437022', 7, 'test2222', 'https://e106-connectus.s3.ap-northeast-2.amazonaws.com/a9bb9e02-b202-47cd-a8db-84064bb22bfefeed1231472811.jpg', 84, 449616917989183125),
	(188, '2024-05-18 03:36:03.506832', '2024-05-18 03:36:03.594676', 7, 'xptmxm', 'https://e106-connectus.s3.ap-northeast-2.amazonaws.com/78c2feb8-89a8-42fa-96ff-6e2719b5264bfeed1235595420.jpg', 85, 449616917989183127),
	(189, '2024-05-18 03:36:03.512366', '2024-05-18 03:36:03.595454', 7, 'test2222', 'https://e106-connectus.s3.ap-northeast-2.amazonaws.com/132b88ee-8637-4657-a89b-50affcb5bf85feed1235595421.jpg', 85, 449616917989183128),
	(190, '2024-05-18 03:36:03.517522', '2024-05-18 03:36:03.595765', 7, 'my name is heunoh', 'https://e106-connectus.s3.ap-northeast-2.amazonaws.com/b815f9bc-dc95-4318-a1b0-429ecfc306c6feed1235595422.jpg', 85, 449616917989183129),
	(191, '2024-05-18 03:36:03.522925', '2024-05-18 03:36:03.595986', 7, 'jin joo the best developer', 'https://e106-connectus.s3.ap-northeast-2.amazonaws.com/f213d157-1d16-44f7-bfb7-3ec1470e9eadfeed1235595423.jpg', 85, 449616917989183130),
	(192, '2024-05-18 04:43:03.195769', '2024-05-18 04:43:03.270900', 10, '마시쪙', 'https://e106-connectus.s3.ap-northeast-2.amazonaws.com/bff0d2a4-d09a-4a46-ab8a-fd6880f62514feed1342578690.jpg', 86, 449616917989183132),
	(193, '2024-05-18 04:43:06.413457', '2024-05-18 04:43:06.467637', 10, '마시쪙', 'https://e106-connectus.s3.ap-northeast-2.amazonaws.com/6ab37279-dc20-4c6d-a19a-e35fe3c269b6feed1343005420.jpg', 87, 449616917989183134),
	(194, '2024-05-18 04:45:59.418758', '2024-05-18 04:45:59.480253', 10, '굿', 'https://e106-connectus.s3.ap-northeast-2.amazonaws.com/b74df89a-a863-4a6e-9712-edd37bb8582afeed1345562020.jpg', 88, 449616917989183136),
	(195, '2024-05-18 04:46:23.812378', '2024-05-18 04:46:23.850487', 2, '🥲', 'https://e106-connectus.s3.ap-northeast-2.amazonaws.com/05646740-eb8f-46de-a18a-fa0e61aafdcafeed1346254300.jpg', 89, 449616917989183138),
	(196, '2024-05-18 04:48:33.195776', '2024-05-18 04:48:33.261666', 7, 'ㅅㄷㄴㅅ', 'https://e106-connectus.s3.ap-northeast-2.amazonaws.com/4f35d7dd-8615-4353-8f65-50cfe6f7b4c5feed1348327360.jpg', 90, 449616917989183140),
	(197, '2024-05-18 05:04:58.239100', '2024-05-18 05:04:58.287519', 2, '🥲🥲', 'https://e106-connectus.s3.ap-northeast-2.amazonaws.com/9531114b-5f14-4c8f-9db1-759371e366ebfeed1404596540.jpg', 91, 449616917989183142),
	(198, '2024-05-18 05:06:48.133695', '2024-05-18 05:06:48.202168', 7, 'qqqqq', 'https://e106-connectus.s3.ap-northeast-2.amazonaws.com/f8ed58dd-357e-46de-aafe-bde452d46e8cfeed1406468500.jpg', 92, 449616917989183144),
	(199, '2024-05-18 05:06:48.139243', '2024-05-18 05:06:48.202421', 7, 'Fffff', 'https://e106-connectus.s3.ap-northeast-2.amazonaws.com/515953bc-c579-4304-b46b-6788975b8739feed1406468501.jpg', 92, 449616917989183145),
	(200, '2024-05-18 05:07:12.018103', '2024-05-18 05:07:12.064752', 2, '🍋', 'https://e106-connectus.s3.ap-northeast-2.amazonaws.com/54bfafb3-aee5-4790-9f5b-5fc316b343d7feed1407138960.jpg', 93, 449616917989183147),
	(201, '2024-05-18 05:37:12.865876', '2024-05-18 05:37:12.932388', 7, 'ㅅㄷㄴㅅㄷ', 'https://e106-connectus.s3.ap-northeast-2.amazonaws.com/6bd99887-12ab-4558-8dd0-3479dd122fa7feed1437122710.jpg', 94, 449616917989183149),
	(202, '2024-05-18 05:37:12.870659', '2024-05-18 05:37:12.932689', 7, 'ㅂㄷㅈㅂㄷㅈㅂㄷㅈㅂㄷㄱㄱㄱ', 'https://e106-connectus.s3.ap-northeast-2.amazonaws.com/db5b49be-d4cf-4c28-bbca-a1289769fe4ffeed1437122711.jpg', 94, 449616917989183150),
	(203, '2024-05-18 05:38:58.856976', '2024-05-18 05:38:58.923184', 7, '42142112421421421', 'https://e106-connectus.s3.ap-northeast-2.amazonaws.com/cd3c0dd6-d0db-4c5d-9f96-2f8282da5f9dfeed1438584040.jpg', 95, 449616917989183152),
	(204, '2024-05-18 05:41:26.698692', '2024-05-18 05:41:26.738316', 12, '사진 용량 체크', 'https://e106-connectus.s3.ap-northeast-2.amazonaws.com/a0c91bfe-cfb7-4069-aa9c-c996693c9f5cfeed1441255750.jpg', 96, 449616917989183154),
	(205, '2024-05-18 05:45:44.079467', '2024-05-18 05:45:44.160610', 7, '42142112421421421', 'https://e106-connectus.s3.ap-northeast-2.amazonaws.com/a71cf6f6-05dd-410d-b4dc-2902529066bffeed1445432790.jpg', 97, 449616917989183156),
	(206, '2024-05-18 05:45:44.084233', '2024-05-18 05:45:44.160940', 7, 'ㄷㅎㄷㅎ', 'https://e106-connectus.s3.ap-northeast-2.amazonaws.com/01e76f41-8425-4fd4-83fc-bff096e8fa9ffeed1445432791.jpg', 97, 449616917989183157),
	(207, '2024-05-18 05:45:44.088164', '2024-05-18 05:45:44.161090', 7, 'ㅎㄷㅎㄷㅎ', 'https://e106-connectus.s3.ap-northeast-2.amazonaws.com/3fa85469-1685-4240-ac57-3659ac9dc950feed1445432792.jpg', 97, 449616917989183158),
	(208, '2024-05-18 05:45:44.091938', '2024-05-18 05:45:44.161224', 7, 'ㅎㄷㄷㅎ', 'https://e106-connectus.s3.ap-northeast-2.amazonaws.com/9fb6339c-dd22-4fb7-ab1a-84271ed73efcfeed1445432793.jpg', 97, 449616917989183159),
	(209, '2024-05-18 05:47:50.938430', '2024-05-18 05:47:51.025684', 7, '42142112421421421', 'https://e106-connectus.s3.ap-northeast-2.amazonaws.com/5ade6338-1d5b-4334-8a4f-8859318c119afeed1447500600.jpg', 98, 449616917989183161),
	(210, '2024-05-18 05:47:50.942689', '2024-05-18 05:47:51.026240', 7, 'ㄷㅎㄷㅎ', 'https://e106-connectus.s3.ap-northeast-2.amazonaws.com/eed79c00-3c3a-40f9-a8b8-b4b3c2883296feed1447500601.jpg', 98, 449616917989183162),
	(211, '2024-05-18 05:47:50.946811', '2024-05-18 05:47:51.026872', 7, 'ㅎㄷㅎㄷㅎ', 'https://e106-connectus.s3.ap-northeast-2.amazonaws.com/7bf05420-5dfb-445e-af0c-fbe5bdaa3768feed1447500602.jpg', 98, 449616917989183163),
	(212, '2024-05-18 05:47:50.950600', '2024-05-18 05:47:51.027062', 7, 'ㅎㄷㄷㅎ', 'https://e106-connectus.s3.ap-northeast-2.amazonaws.com/1daa3f0e-288c-4b14-9fe8-bf9ac30cb7c3feed1447500603.jpg', 98, 449616917989183164),
	(213, '2024-05-18 15:29:39.684994', '2024-05-18 15:29:40.964996', 1, 'firstWalk-firstPost', 'https://e106-connectus.s3.ap-northeast-2.amazonaws.com/ef67bc9d-7638-4c71-8768-8cf97031a7a0', 99, 449616917989183168),
	(214, '2024-05-18 15:29:39.781994', '2024-05-18 15:29:40.966997', 1, 'firstWalk-secondPost', 'https://e106-connectus.s3.ap-northeast-2.amazonaws.com/d2387d83-0033-458e-bb51-45a68524ed15', 99, 449616917989183169),
	(215, '2024-05-18 15:29:39.863994', '2024-05-18 15:29:40.966997', 1, 'firstWalk-thirdPost', 'https://e106-connectus.s3.ap-northeast-2.amazonaws.com/a39a33e6-164d-4e99-81c3-098c0ce68605', 99, 449616917989183170),
	(216, '2024-05-18 15:29:39.919997', '2024-05-18 15:29:40.966997', 1, 'firstWalk-fourthPost', 'https://e106-connectus.s3.ap-northeast-2.amazonaws.com/1d0c22e3-383b-4137-bdb0-2ce086a4364f', 99, 449616917989183171),
	(217, '2024-05-18 15:30:11.828644', '2024-05-18 15:30:12.603981', 1, 'firstWalk-firstPost', 'https://e106-connectus.s3.ap-northeast-2.amazonaws.com/0495b19a-ae6e-4f46-a613-9b434b671080', 100, 449616917989183173),
	(218, '2024-05-18 15:30:11.879791', '2024-05-18 15:30:12.603981', 1, 'firstWalk-secondPost', 'https://e106-connectus.s3.ap-northeast-2.amazonaws.com/91ac7dc6-e40d-4db4-a98f-407c66f70cd4', 100, 449616917989183174),
	(219, '2024-05-18 15:30:11.933790', '2024-05-18 15:30:12.603981', 1, 'firstWalk-thirdPost', 'https://e106-connectus.s3.ap-northeast-2.amazonaws.com/ea055d0b-0033-4842-8f5e-1a22a608a4f1', 100, 449616917989183175),
	(220, '2024-05-18 15:30:11.994791', '2024-05-18 15:30:12.603981', 1, 'firstWalk-fourthPost', 'https://e106-connectus.s3.ap-northeast-2.amazonaws.com/e821de6b-9f80-4ef2-ad41-f56e83bd6106', 100, 449616917989183176),
	(221, '2024-05-18 16:08:17.363614', '2024-05-18 16:08:18.378596', 12, '포스트맨으로 방명록 쓰', 'https://e106-connectus.s3.ap-northeast-2.amazonaws.com/a7287bcd-7cfe-4d48-9501-213eea0e3dd5%EC%97%AC%EA%B6%8C.jpg', 101, 449616917989183184),
	(222, '2024-05-18 16:26:38.346610', '2024-05-18 16:26:38.471037', 7, '11111', 'https://e106-connectus.s3.ap-northeast-2.amazonaws.com/e405de73-b136-4613-9816-c83e2f208a35feed1626372690.jpg', 102, 449616917989183188),
	(223, '2024-05-18 16:26:38.351924', '2024-05-18 16:26:38.471580', 7, '22222', 'https://e106-connectus.s3.ap-northeast-2.amazonaws.com/4a239ba3-9ed1-4e48-b167-ca6ed462bdc5feed1626372691.jpg', 102, 449616917989183189),
	(224, '2024-05-18 16:26:38.358219', '2024-05-18 16:26:38.471869', 7, '333333', 'https://e106-connectus.s3.ap-northeast-2.amazonaws.com/6b416f5d-e58f-4e58-a5b6-9d0796a8ddaafeed1626372692.jpg', 102, 449616917989183190),
	(225, '2024-05-18 16:26:38.362869', '2024-05-18 16:26:38.472052', 7, '444444', 'https://e106-connectus.s3.ap-northeast-2.amazonaws.com/08adec97-ee63-48ee-b660-e8b4a716e077feed1626372693.jpg', 102, 449616917989183191),
	(226, '2024-05-18 16:26:38.369782', '2024-05-18 16:26:38.472237', 7, '55555', 'https://e106-connectus.s3.ap-northeast-2.amazonaws.com/bf3d7ff2-9c60-4df4-b2de-813248768493feed1626372694.jpg', 102, 449616917989183192),
	(227, '2024-05-18 16:26:38.375535', '2024-05-18 16:26:38.472454', 7, '666666', 'https://e106-connectus.s3.ap-northeast-2.amazonaws.com/c0e938f0-6278-45d4-9b2e-8fd8b5a2a16cfeed1626372695.jpg', 102, 449616917989183193),
	(228, '2024-05-18 16:38:19.076719', '2024-05-18 16:38:19.404285', 12, '용량 체크', 'https://e106-connectus.s3.ap-northeast-2.amazonaws.com/290ee151-1922-4deb-b1d7-a3332edf4bddfeed1638137880.jpg', 103, 449616917989183195),
	(229, '2024-05-18 16:38:19.083877', '2024-05-18 16:38:19.407929', 12, '용량 체크', 'https://e106-connectus.s3.ap-northeast-2.amazonaws.com/dfe2f67a-89c4-4959-a5fa-efb06eb76855feed1638137881.jpg', 103, 449616917989183196),
	(230, '2024-05-18 16:38:19.091914', '2024-05-18 16:38:19.408193', 12, '용량 체크', 'https://e106-connectus.s3.ap-northeast-2.amazonaws.com/5dbbdeca-f376-4a5e-8d7c-db6f7119b2b2feed1638137882.jpg', 103, 449616917989183197),
	(231, '2024-05-18 16:38:19.102522', '2024-05-18 16:38:19.408438', 12, '용량 체크', 'https://e106-connectus.s3.ap-northeast-2.amazonaws.com/296828c9-3dca-469b-9c5b-f8eabc908e5cfeed1638137883.jpg', 103, 449616917989183198),
	(232, '2024-05-18 16:38:19.111307', '2024-05-18 16:38:19.408622', 12, '용량 체크', 'https://e106-connectus.s3.ap-northeast-2.amazonaws.com/95197eaa-d98c-4954-95f8-0f73622c3e34feed1638137884.jpg', 103, 449616917989183199),
	(233, '2024-05-18 16:38:19.120058', '2024-05-18 16:38:19.408777', 12, '용량 체크', 'https://e106-connectus.s3.ap-northeast-2.amazonaws.com/9d9321e0-6f78-479e-a864-716badace97efeed1638137885.jpg', 103, 449616917989183200),
	(234, '2024-05-18 16:38:19.132150', '2024-05-18 16:38:19.409551', 12, '용량 체크', 'https://e106-connectus.s3.ap-northeast-2.amazonaws.com/26f33808-2109-4767-a23d-ae7e1dedca43feed1638137886.jpg', 103, 449616917989183201),
	(235, '2024-05-18 16:38:19.143011', '2024-05-18 16:38:19.409761', 12, '용량 체크', 'https://e106-connectus.s3.ap-northeast-2.amazonaws.com/46b4f273-6e87-48bf-a231-ef09129bb696feed1638137887.jpg', 103, 449616917989183202),
	(236, '2024-05-18 16:38:19.155989', '2024-05-18 16:38:19.410027', 12, '용량 체크', 'https://e106-connectus.s3.ap-northeast-2.amazonaws.com/42196b9f-eed1-483c-a48a-824c248dfad7feed1638137888.jpg', 103, 449616917989183203),
	(237, '2024-05-18 16:38:19.166033', '2024-05-18 16:38:19.410274', 12, '용량 체크', 'https://e106-connectus.s3.ap-northeast-2.amazonaws.com/2fe0b3fb-23b6-47ff-9de2-f0abf80f6e12feed1638137889.jpg', 103, 449616917989183204),
	(238, '2024-05-18 16:38:19.176707', '2024-05-18 16:38:19.410487', 12, '용량 체크', 'https://e106-connectus.s3.ap-northeast-2.amazonaws.com/f87b30b1-8f41-4cb1-86e5-e4973a2ce826feed16381378810.jpg', 103, 449616917989183205),
	(239, '2024-05-18 16:38:19.183387', '2024-05-18 16:38:19.410887', 12, '8', 'https://e106-connectus.s3.ap-northeast-2.amazonaws.com/814f1839-b98d-4223-858d-c563697cbbd5feed16381378811.jpg', 103, 449616917989183206),
	(240, '2024-05-18 16:38:19.188778', '2024-05-18 16:38:19.411129', 12, '9', 'https://e106-connectus.s3.ap-northeast-2.amazonaws.com/37c85382-3529-4ce0-a248-e86b83cb9dfefeed16381378812.jpg', 103, 449616917989183207),
	(241, '2024-05-18 16:38:19.195285', '2024-05-18 16:38:19.412007', 12, '10', 'https://e106-connectus.s3.ap-northeast-2.amazonaws.com/f9dcab66-ae19-42f9-ab72-8a0fb7d27714feed16381378813.jpg', 103, 449616917989183208),
	(242, '2024-05-18 16:38:19.200205', '2024-05-18 16:38:19.412225', 12, '11', 'https://e106-connectus.s3.ap-northeast-2.amazonaws.com/174b4f66-1145-4d62-b71d-2939cad7df9dfeed16381378814.jpg', 103, 449616917989183209),
	(243, '2024-05-18 16:38:19.205331', '2024-05-18 16:38:19.412936', 12, '12', 'https://e106-connectus.s3.ap-northeast-2.amazonaws.com/9db2b1eb-29d5-4bb3-a962-8bda54ea0e84feed16381378815.jpg', 103, 449616917989183210),
	(244, '2024-05-18 16:38:19.210120', '2024-05-18 16:38:19.413165', 12, '13', 'https://e106-connectus.s3.ap-northeast-2.amazonaws.com/196bc03c-ef76-4b56-84a5-a9f27272f101feed16381378816.jpg', 103, 449616917989183211),
	(245, '2024-05-18 16:38:19.215192', '2024-05-18 16:38:19.413366', 12, '14', 'https://e106-connectus.s3.ap-northeast-2.amazonaws.com/424ba731-ea5f-41b9-96d4-acb4b0ee4f61feed16381378817.jpg', 103, 449616917989183212),
	(246, '2024-05-18 16:38:19.220413', '2024-05-18 16:38:19.413566', 12, '15', 'https://e106-connectus.s3.ap-northeast-2.amazonaws.com/2f67d173-49e2-4c79-b8e3-f452558d2595feed16381378818.jpg', 103, 449616917989183213),
	(247, '2024-05-18 16:38:26.434066', '2024-05-18 16:38:27.298643', 12, '용량 체크', 'https://e106-connectus.s3.ap-northeast-2.amazonaws.com/8e1a95f7-5e7f-4dac-bcd1-adb8dbca8e36feed1638182020.jpg', 104, 449616917989183215),
	(248, '2024-05-18 16:38:26.460996', '2024-05-18 16:38:27.298975', 12, '용량 체크', 'https://e106-connectus.s3.ap-northeast-2.amazonaws.com/597de6bf-a8c3-471e-8a57-de7591c83091feed1638182021.jpg', 104, 449616917989183216),
	(249, '2024-05-18 16:38:26.479869', '2024-05-18 16:38:27.299164', 12, '용량 체크', 'https://e106-connectus.s3.ap-northeast-2.amazonaws.com/928146dd-0c37-402e-ad21-5018e722e590feed1638182022.jpg', 104, 449616917989183217),
	(250, '2024-05-18 16:38:26.507623', '2024-05-18 16:38:27.299332', 12, '용량 체크', 'https://e106-connectus.s3.ap-northeast-2.amazonaws.com/f153fcb8-52e1-4671-970a-abbdbc3d2035feed1638182023.jpg', 104, 449616917989183218),
	(251, '2024-05-18 16:38:26.533010', '2024-05-18 16:38:27.299529', 12, '용량 체크', 'https://e106-connectus.s3.ap-northeast-2.amazonaws.com/c22bc75c-e5c6-4e36-97b2-542d67b59b84feed1638182024.jpg', 104, 449616917989183219),
	(252, '2024-05-18 16:38:26.544095', '2024-05-18 16:38:27.299698', 12, '용량 체크', 'https://e106-connectus.s3.ap-northeast-2.amazonaws.com/14c4b2e4-7fab-4fdb-ba1d-5d6b8b67eeabfeed1638182025.jpg', 104, 449616917989183220),
	(253, '2024-05-18 16:38:26.569191', '2024-05-18 16:38:27.299862', 12, '용량 체크', 'https://e106-connectus.s3.ap-northeast-2.amazonaws.com/22815688-cf01-45b3-aa22-02167bdd9c4ffeed1638182026.jpg', 104, 449616917989183221),
	(254, '2024-05-18 16:38:26.605721', '2024-05-18 16:38:27.300020', 12, '용량 체크', 'https://e106-connectus.s3.ap-northeast-2.amazonaws.com/c5544531-c4f1-45fa-add6-9992af495b65feed1638182027.jpg', 104, 449616917989183222),
	(255, '2024-05-18 16:38:26.642912', '2024-05-18 16:38:27.300188', 12, '용량 체크', 'https://e106-connectus.s3.ap-northeast-2.amazonaws.com/15eb974a-8af8-42f6-ae52-0b0fba58e71ffeed1638182028.jpg', 104, 449616917989183223),
	(256, '2024-05-18 16:38:26.684773', '2024-05-18 16:38:27.308043', 12, '용량 체크', 'https://e106-connectus.s3.ap-northeast-2.amazonaws.com/a95ed0ca-53a1-4cf0-9475-02330bac4d1dfeed1638182029.jpg', 104, 449616917989183224),
	(257, '2024-05-18 16:38:26.734833', '2024-05-18 16:38:27.308422', 12, '용량 체크', 'https://e106-connectus.s3.ap-northeast-2.amazonaws.com/4510e0e7-8783-4fc7-80a0-b1d47236ff79feed16381820210.jpg', 104, 449616917989183225),
	(258, '2024-05-18 16:38:26.773072', '2024-05-18 16:38:27.308658', 12, '8', 'https://e106-connectus.s3.ap-northeast-2.amazonaws.com/ac1af27b-e6ef-461d-9d0d-9d56cfadeb92feed16381820211.jpg', 104, 449616917989183226),
	(259, '2024-05-18 16:38:26.806832', '2024-05-18 16:38:27.308870', 12, '9', 'https://e106-connectus.s3.ap-northeast-2.amazonaws.com/2e41fa0c-3dd8-44d1-b798-b838298be72dfeed16381820212.jpg', 104, 449616917989183227),
	(260, '2024-05-18 16:38:26.839284', '2024-05-18 16:38:27.312672', 12, '10', 'https://e106-connectus.s3.ap-northeast-2.amazonaws.com/abab4860-11e2-4d5e-8090-0aa96d07ded6feed16381820213.jpg', 104, 449616917989183228),
	(261, '2024-05-18 16:38:26.892229', '2024-05-18 16:38:27.312880', 12, '11', 'https://e106-connectus.s3.ap-northeast-2.amazonaws.com/cdd72a90-c65d-40ee-9280-00d738d61f10feed16381820214.jpg', 104, 449616917989183229),
	(262, '2024-05-18 16:38:26.920163', '2024-05-18 16:38:27.313013', 12, '12', 'https://e106-connectus.s3.ap-northeast-2.amazonaws.com/c3eaf640-33d7-42d5-905f-6ac32ac1211cfeed16381820215.jpg', 104, 449616917989183230),
	(263, '2024-05-18 16:38:26.937730', '2024-05-18 16:38:27.313786', 12, '13', 'https://e106-connectus.s3.ap-northeast-2.amazonaws.com/c29286d0-1449-477c-a2cb-867aeb371acbfeed16381820216.jpg', 104, 449616917989183231),
	(264, '2024-05-18 16:38:26.951685', '2024-05-18 16:38:27.313970', 12, '14', 'https://e106-connectus.s3.ap-northeast-2.amazonaws.com/ce27dfb9-157b-469a-a7eb-58694cae3c9afeed16381820217.jpg', 104, 449616917989183232),
	(265, '2024-05-18 16:38:26.970273', '2024-05-18 16:38:27.314137', 12, '15', 'https://e106-connectus.s3.ap-northeast-2.amazonaws.com/f2766524-5a80-4a6c-b38e-508c0ea941e7feed16381820218.jpg', 104, 449616917989183233),
	(266, '2024-05-18 18:03:28.499746', '2024-05-18 18:03:28.743111', 11, 'ㅎㅇ', 'https://e106-connectus.s3.ap-northeast-2.amazonaws.com/a0084d75-3212-4107-a0b6-117ef668fceefeed1803268820.jpg', 105, 449616917989183237),
	(267, '2024-05-18 20:50:36.464096', '2024-05-18 20:50:36.811700', 21, '근처 확인용', 'https://e106-connectus.s3.ap-northeast-2.amazonaws.com/990553bd-0f03-416b-ab67-5d0d1519ea17feed2050351060.jpg', 106, 449616917989183239),
	(268, '2024-05-18 20:53:27.097562', '2024-05-18 20:53:27.183084', 12, '빵명록', 'https://e106-connectus.s3.ap-northeast-2.amazonaws.com/ac0686c5-2526-4918-a1b1-f6d98ad5d81efeed2053253050.jpg', 107, 449616917989183241),
	(269, '2024-05-19 03:42:06.713069', '2024-05-19 03:42:06.886772', 7, '나 자요', 'https://e106-connectus.s3.ap-northeast-2.amazonaws.com/68017a1c-b540-4d4a-833e-eaba1ba2252dfeed0342058210.jpg', 108, 449616917989183402),
	(270, '2024-05-19 09:41:11.547032', '2024-05-19 09:41:11.656887', 7, '집떠나와열차타고', 'https://e106-connectus.s3.ap-northeast-2.amazonaws.com/62e128bb-b0d9-472c-9343-ac240e3a493afeed0941105900.jpg', 109, 449616917989183542),
	(271, '2024-05-19 09:41:11.552226', '2024-05-19 09:41:11.657217', 7, '날씨 넘 조아용', 'https://e106-connectus.s3.ap-northeast-2.amazonaws.com/f1561f6a-cc1f-4954-b3ab-3737b660fd2ffeed0941105901.jpg', 109, 449616917989183543),
	(272, '2024-05-19 10:01:40.989910', '2024-05-19 10:01:41.042489', 10, '히히 지각이다 빨리갈게요', 'https://e106-connectus.s3.ap-northeast-2.amazonaws.com/4c5783f2-7adc-40c2-be32-8d030a4d0cb0feed1001381490.jpg', 110, 449616917989183595),
	(273, '2024-05-19 10:01:40.994677', '2024-05-19 10:01:41.042734', 10, '날씨 정말 좋네요', 'https://e106-connectus.s3.ap-northeast-2.amazonaws.com/14fd4c0c-0177-4c8c-82fd-b32928b4eb47feed1001381491.jpg', 110, 449616917989183596),
	(274, '2024-05-19 10:01:40.998652', '2024-05-19 10:01:41.042907', 10, '축구하네요', 'https://e106-connectus.s3.ap-northeast-2.amazonaws.com/695b1ea2-a818-47e8-afa2-20f60bf20164feed1001381492.jpg', 110, 449616917989183597),
	(275, '2024-05-19 13:21:51.618808', '2024-05-19 13:21:51.817979', 2, '황진주 크림라떼', 'https://e106-connectus.s3.ap-northeast-2.amazonaws.com/c1a68570-5aef-400c-802b-634d433b83a9feed1321490420.jpg', 111, 449616917989183837),
	(276, '2024-05-19 13:45:47.331132', '2024-05-19 13:45:47.600211', 7, '오늘 작업 끝', 'https://e106-connectus.s3.ap-northeast-2.amazonaws.com/3307ecd5-18f1-45a5-9113-e0c0a9e30f47feed1345454190.jpg', 112, 449616917989184164),
	(277, '2024-05-19 13:45:47.362832', '2024-05-19 13:45:47.620618', 7, '신호동에서 신호를', 'https://e106-connectus.s3.ap-northeast-2.amazonaws.com/24037ae1-467c-47e1-8ef1-9c9be3cba003feed1345454191.jpg', 112, 449616917989184165),
	(278, '2024-05-19 13:50:51.714320', '2024-05-19 13:50:51.766938', 10, '산책 나가요', 'https://e106-connectus.s3.ap-northeast-2.amazonaws.com/7a3d430d-827d-403b-8c08-487d2b04f2a7feed1350490750.jpg', 113, 449616917989184489),
	(279, '2024-05-19 13:50:51.718946', '2024-05-19 13:50:51.767162', 10, '날씨까지 완벽한 오늘!', 'https://e106-connectus.s3.ap-northeast-2.amazonaws.com/897ffe36-b572-4148-9ed8-cd735a40e482feed1350490751.jpg', 113, 449616917989184490),
	(280, '2024-05-19 13:54:37.267690', '2024-05-19 13:54:37.326564', 2, '여기 좋아요', 'https://e106-connectus.s3.ap-northeast-2.amazonaws.com/fd06be11-39f8-4b8f-9d8c-eeae17bbc0d4feed1354230520.jpg', 114, 449616917989184642),
	(281, '2024-05-19 13:54:37.274472', '2024-05-19 13:54:37.326858', 2, 'Vue가 좋은 거리입니다', 'https://e106-connectus.s3.ap-northeast-2.amazonaws.com/20cb2a78-ef33-49ef-b3d9-a37a625dfec5feed1354230521.jpg', 114, 449616917989184643),
	(282, '2024-05-19 13:54:37.278960', '2024-05-19 13:54:37.327052', 2, '✌️', 'https://e106-connectus.s3.ap-northeast-2.amazonaws.com/aeddd0f5-949b-49e6-8503-4a270a7a9785feed1354230522.jpg', 114, 449616917989184644),
	(283, '2024-05-19 13:54:37.283156', '2024-05-19 13:54:37.327236', 2, '목적지가 코앞이에요', 'https://e106-connectus.s3.ap-northeast-2.amazonaws.com/7d6a675e-ca88-4bbe-88a0-99df292ea89bfeed1354230523.jpg', 114, 449616917989184645),
	(284, '2024-05-19 13:54:37.287164', '2024-05-19 13:54:37.327486', 2, '바다 같아 보이는 Vue입니다', 'https://e106-connectus.s3.ap-northeast-2.amazonaws.com/2c7a8885-9862-4e80-96a1-005346fd12dafeed1354230524.jpg', 114, 449616917989184646),
	(285, '2024-05-19 14:37:26.362854', '2024-05-19 14:37:26.422481', 10, '신호동의 밝은 하늘은 언제 봐도 맘을 신나게 해요', 'https://e106-connectus.s3.ap-northeast-2.amazonaws.com/4954732e-71dc-4693-a5e5-5fefbd2a5c30feed1437249850.jpg', 115, 449616917989185083),
	(286, '2024-05-19 14:42:16.422640', '2024-05-19 14:42:16.472770', 2, 'The roundabout', 'https://e106-connectus.s3.ap-northeast-2.amazonaws.com/9ed86a47-116b-49a3-940b-360045eed205feed1441319330.jpg', 116, 449616917989185248),
	(287, '2024-05-19 14:42:16.427272', '2024-05-19 14:42:16.472989', 2, 'Let us React to a good Vue', 'https://e106-connectus.s3.ap-northeast-2.amazonaws.com/ebe21beb-414c-49b4-b453-be039e9b2071feed1441319331.jpg', 116, 449616917989185249),
	(288, '2024-05-19 14:42:16.431208', '2024-05-19 14:42:16.473191', 2, '🚛', 'https://e106-connectus.s3.ap-northeast-2.amazonaws.com/1d9489b4-c2f9-4a44-9863-9ed36e538f8efeed1441319332.jpg', 116, 449616917989185250),
	(289, '2024-05-19 16:18:43.707282', '2024-05-19 16:18:43.740690', 11, 'T', 'https://e106-connectus.s3.ap-northeast-2.amazonaws.com/288dd8d9-65f4-4584-bd81-adc0b6bd736bfeed1618434870.jpg', 117, 449616917989185376),
	(290, '2024-05-19 16:51:33.061210', '2024-05-19 16:51:33.180330', 7, 'Qqqqqqq', 'https://e106-connectus.s3.ap-northeast-2.amazonaws.com/84106ae8-c63d-4e3d-9427-841f62b22fe7feed1651325440.jpg', 118, 449616917989186012),
	(291, '2024-05-19 16:51:33.065703', '2024-05-19 16:51:33.181077', 7, 'Rrrrrr', 'https://e106-connectus.s3.ap-northeast-2.amazonaws.com/c3465989-7f8f-4873-aecf-4c9c63db8638feed1651325441.jpg', 118, 449616917989186013),
	(292, '2024-05-19 17:00:08.398922', '2024-05-19 17:00:08.505466', 7, 'Rrrrrr', 'https://e106-connectus.s3.ap-northeast-2.amazonaws.com/4296127c-f106-4586-9d5c-ea5a67e57556feed1700079250.jpg', 119, 449616917989186222),
	(293, '2024-05-19 18:04:58.094857', '2024-05-19 18:04:58.274310', 7, 'ㅇㅇㅎㄹ', 'https://e106-connectus.s3.ap-northeast-2.amazonaws.com/5a14f704-038f-436e-b1be-d1a37234100afeed1804569000.jpg', 120, 449616917989186457),
	(294, '2024-05-19 18:23:57.230732', '2024-05-19 18:23:57.346561', 7, 'ㅇㅇ', 'https://e106-connectus.s3.ap-northeast-2.amazonaws.com/e4c90b7f-cce1-4bee-b0ea-927c1ac60369feed1823567760.jpg', 121, 449616917989186545),
	(295, '2024-05-19 19:13:56.157177', '2024-05-19 19:13:56.342385', 2, '날이 저무는군요... 오늘도 열일 하셨을 모두 고생하셨어요', 'https://e106-connectus.s3.ap-northeast-2.amazonaws.com/be449e38-046e-4430-8d0c-e4002ce93aa4feed1913492550.jpg', 122, 449616917989187631),
	(296, '2024-05-19 19:15:55.114105', '2024-05-19 19:15:55.251385', 7, 'ㅂㅇㅂㅇ', 'https://e106-connectus.s3.ap-northeast-2.amazonaws.com/08a28ab3-4c97-4b56-bacb-1783747cfd1afeed1915543650.jpg', 123, 449616917989187736),
	(297, '2024-05-19 19:15:55.119628', '2024-05-19 19:15:55.251746', 7, '잉일앙알', 'https://e106-connectus.s3.ap-northeast-2.amazonaws.com/396d91da-c89e-4719-9bc5-6ce97fc3afddfeed1915543651.jpg', 123, 449616917989187737),
	(298, '2024-05-19 19:17:02.985451', '2024-05-19 19:17:03.071796', 12, '석양은 지는 해를 말하죠.\n하지만 해는 내일 다시 떠오를겁니다.\n지금 이 힘든 순간은 모두 더 밝은 내일을 위한 겁니다.\n파이팅!', 'https://e106-connectus.s3.ap-northeast-2.amazonaws.com/faa118e2-a1ae-49f7-a0fb-bba1731c4e04feed1916500540.jpg', 124, 449616917989187746),
	(299, '2024-05-19 19:17:02.992073', '2024-05-19 19:17:03.072205', 12, '일상의 아름다움을 아름답다고 느낄 수 있는 것은 크나큰 축복이라고 생각합니다.', 'https://e106-connectus.s3.ap-northeast-2.amazonaws.com/3a9634cd-1625-4b21-b0a3-76550c6aa671feed1916500541.jpg', 124, 449616917989187747),
	(300, '2024-05-20 00:00:09.196870', '2024-05-20 00:00:09.531369', 7, '한밤중의 나들이입니다! 예쁜 그림이 보여요', 'https://e106-connectus.s3.ap-northeast-2.amazonaws.com/72e5cc50-e0c4-4ac2-8694-c757038c613dfeed0000066620.jpg', 125, 449616917989189282),
	(301, '2024-05-20 00:00:09.281739', '2024-05-20 00:00:09.538578', 7, '편의점에서 라면이 먹고싶어지는 밤이네요..', 'https://e106-connectus.s3.ap-northeast-2.amazonaws.com/88050dda-2df4-4207-802e-eb9f625a6e24feed0000066621.jpg', 125, 449616917989189283),
	(302, '2024-05-20 00:00:09.290769', '2024-05-20 00:00:09.538929', 7, '다들 더운데 밖에서 바람쐬다 들어가세요!', 'https://e106-connectus.s3.ap-northeast-2.amazonaws.com/84e19773-11bd-44ea-9c41-3c25e90fd481feed0000066622.jpg', 125, 449616917989189284),
	(303, '2024-05-20 00:01:03.230499', '2024-05-20 00:01:03.344122', 12, '카페 가는 길의 밤거리', 'https://e106-connectus.s3.ap-northeast-2.amazonaws.com/a1f754d0-8f83-4b26-ab27-df6769b9fec2feed0000329810.jpg', 126, 449616917989189290),
	(304, '2024-05-20 00:01:03.236083', '2024-05-20 00:01:03.344326', 12, '밤이 없는 도시', 'https://e106-connectus.s3.ap-northeast-2.amazonaws.com/b027013f-a80a-4d5d-9509-7bc1c7e48045feed0000329811.jpg', 126, 449616917989189291),
	(305, '2024-05-20 00:01:03.243781', '2024-05-20 00:01:03.344515', 12, '벤치의 오랜 친구인 화분.\n사이 좋아보인다.', 'https://e106-connectus.s3.ap-northeast-2.amazonaws.com/77c6fd4d-bfa6-4a76-b511-1632bb0dd183feed0000329812.jpg', 126, 449616917989189292),
	(306, '2024-05-20 00:01:03.248980', '2024-05-20 00:01:03.344694', 12, '늘 고맙고 미안한 분들.', 'https://e106-connectus.s3.ap-northeast-2.amazonaws.com/dbe1086f-8679-4367-8602-3e1ca0b5cd7bfeed0000329813.jpg', 126, 449616917989189293),
	(307, '2024-05-20 00:01:03.254050', '2024-05-20 00:01:03.344861', 12, '밤에만 볼 수 있는 작지만 소중한 예술.', 'https://e106-connectus.s3.ap-northeast-2.amazonaws.com/e68123a5-3ee5-4819-bd38-5ae1b6705c80feed0000329814.jpg', 126, 449616917989189294),
	(308, '2024-05-20 00:06:13.859735', '2024-05-20 00:06:14.000855', 7, '밤이라서 거리에 아무도 없어요!', 'https://e106-connectus.s3.ap-northeast-2.amazonaws.com/e81e8ecf-ef95-4102-b292-6730a3f457d4feed0006126350.jpg', 127, 449616917989189508),
	(309, '2024-05-20 00:06:13.866154', '2024-05-20 00:06:14.001115', 7, '꽃송이가~', 'https://e106-connectus.s3.ap-northeast-2.amazonaws.com/f33a9e5b-8a21-424a-95af-cb5cf1ace85ffeed0006126351.jpg', 127, 449616917989189509),
	(310, '2024-05-20 00:06:13.870822', '2024-05-20 00:06:14.001280', 7, '아름다운 밤이에요~', 'https://e106-connectus.s3.ap-northeast-2.amazonaws.com/74c9fdae-73ef-4ab7-90b2-63937e3dd363feed0006126352.jpg', 127, 449616917989189510),
	(311, '2024-05-20 00:08:06.725835', '2024-05-20 00:08:06.829192', 12, '"이런 날엔 달밤에 산책."', 'https://e106-connectus.s3.ap-northeast-2.amazonaws.com/7d6739e2-5779-4c68-8064-3b8e874d07e9feed0007534820.jpg', 128, 449616917989189540),
	(312, '2024-05-20 00:08:06.731074', '2024-05-20 00:08:06.835722', 12, '희망 무궁화 동산', 'https://e106-connectus.s3.ap-northeast-2.amazonaws.com/1891ac62-57fb-45a8-9b39-bf64087e044efeed0007534821.jpg', 128, 449616917989189541),
	(313, '2024-05-20 02:10:36.178624', '2024-05-20 02:10:36.297656', 7, '퇴근좀', 'https://e106-connectus.s3.ap-northeast-2.amazonaws.com/c3f5002c-606b-4e09-8e70-030c8173dfb2feed0210357180.jpg', 129, 449616917989190305),
	(314, '2024-05-20 02:12:09.054623', '2024-05-20 02:12:09.134242', 12, '', 'https://e106-connectus.s3.ap-northeast-2.amazonaws.com/13cd5556-9220-4dcc-bae0-30c283b9f20afeed0212079930.jpg', 130, 449616917989190382),
	(315, '2024-05-20 02:22:36.952205', '2024-05-20 02:22:37.037686', 12, '맛있는거', 'https://e106-connectus.s3.ap-northeast-2.amazonaws.com/90389902-75d2-4408-a1ef-703ae9e4f02ffeed0222359000.jpg', 131, 449616917989190502),
	(316, '2024-05-20 03:24:32.657291', '2024-05-20 03:24:32.937897', 7, '카츠탄탄에서', 'https://e106-connectus.s3.ap-northeast-2.amazonaws.com/6205f94f-0809-4610-920d-e1bff6f74ed7feed0324310630.jpg', 133, 449616917989191718),
	(317, '2024-05-20 03:24:32.740693', '2024-05-20 03:24:32.940689', 7, '맛있는 카츠', 'https://e106-connectus.s3.ap-northeast-2.amazonaws.com/23112e5e-4ed3-43db-963e-a51d91319a3efeed0324310631.jpg', 133, 449616917989191719),
	(318, '2024-05-20 03:24:32.749601', '2024-05-20 03:24:32.941191', 7, '이사람 이상해요', 'https://e106-connectus.s3.ap-northeast-2.amazonaws.com/0e42f470-28ca-4c77-96ae-c6d796370fd4feed0324310632.jpg', 133, 449616917989191720),
	(319, '2024-05-20 03:33:51.047377', '2024-05-20 03:33:51.186091', 7, '오늘의 짱짱', 'https://e106-connectus.s3.ap-northeast-2.amazonaws.com/76b6bb1e-3d3f-47d5-9bd5-2a48ab99946cfeed0333503920.jpg', 134, 449616917989191852),
	(320, '2024-05-20 06:22:08.906531', '2024-05-20 06:22:09.438094', 7, '피곤해요 ㅠㅠㅠㅠ', 'https://e106-connectus.s3.ap-northeast-2.amazonaws.com/ec55e17d-4f26-434f-a4bc-cb501a93e6bbfeed0622071450.jpg', 135, 449616917989191991),
	(321, '2024-05-20 07:02:40.202132', '2024-05-20 07:02:40.368321', 7, '미라클 모닝', 'https://e106-connectus.s3.ap-northeast-2.amazonaws.com/44f0bb09-f395-4789-9901-481494f2e0dcfeed0702389620.jpg', 136, 449616917989192125),
	(322, '2024-05-20 07:02:40.210723', '2024-05-20 07:02:40.368702', 7, '아아 익숙한 길이다', 'https://e106-connectus.s3.ap-northeast-2.amazonaws.com/72ba9115-a5f0-42b0-b0db-ccc89e9a59aafeed0702389621.jpg', 136, 449616917989192126),
	(323, '2024-05-20 09:17:40.775148', '2024-05-20 09:17:40.838987', 10, '꽁꽁 걸어가는 고양이', 'https://e106-connectus.s3.ap-northeast-2.amazonaws.com/8f7573e6-a327-40ee-95f4-27138f97c870feed0917391740.jpg', 137, 449616917989192727),
	(324, '2024-05-20 09:49:09.433478', '2024-05-20 09:49:09.572603', 7, '하늘', 'https://e106-connectus.s3.ap-northeast-2.amazonaws.com/ff922b71-47ec-455f-b8e2-229c2f459ebdfeed0949087090.jpg', 138, 449616917989193475);

/*!40103 SET TIME_ZONE=IFNULL(@OLD_TIME_ZONE, 'system') */;
/*!40101 SET SQL_MODE=IFNULL(@OLD_SQL_MODE, '') */;
/*!40014 SET FOREIGN_KEY_CHECKS=IFNULL(@OLD_FOREIGN_KEY_CHECKS, 1) */;
/*!40101 SET CHARACTER_SET_CLIENT=@OLD_CHARACTER_SET_CLIENT */;
/*!40111 SET SQL_NOTES=IFNULL(@OLD_SQL_NOTES, 1) */;
