-- --------------------------------------------------------
-- Host:                         mariadb.connectus.social
-- Server version:               11.3.2-MariaDB-1:11.3.2+maria~ubu2204 - mariadb.org binary distribution
-- Server OS:                    debian-linux-gnu
-- HeidiSQL Version:             12.7.0.6850
-- --------------------------------------------------------

/*!40101 SET @OLD_CHARACTER_SET_CLIENT=@@CHARACTER_SET_CLIENT */;
/*!40101 SET NAMES utf8 */;
/*!50503 SET NAMES utf8mb4 */;
/*!40103 SET @OLD_TIME_ZONE=@@TIME_ZONE */;
/*!40103 SET TIME_ZONE='+00:00' */;
/*!40014 SET @OLD_FOREIGN_KEY_CHECKS=@@FOREIGN_KEY_CHECKS, FOREIGN_KEY_CHECKS=0 */;
/*!40101 SET @OLD_SQL_MODE=@@SQL_MODE, SQL_MODE='NO_AUTO_VALUE_ON_ZERO' */;
/*!40111 SET @OLD_SQL_NOTES=@@SQL_NOTES, SQL_NOTES=0 */;


-- Dumping database structure for user
CREATE DATABASE IF NOT EXISTS `user` /*!40100 DEFAULT CHARACTER SET utf8mb4 COLLATE utf8mb4_unicode_ci */;
USE `user`;

-- Dumping structure for table user.user
CREATE TABLE IF NOT EXISTS `user` (
  `user_id` bigint(20) NOT NULL AUTO_INCREMENT,
  `birthday` date DEFAULT NULL,
  `email` varchar(255) DEFAULT NULL,
  `name` varchar(255) DEFAULT NULL,
  `nickname` varchar(255) DEFAULT NULL,
  `password` varchar(255) DEFAULT NULL,
  `phone_number` varchar(255) DEFAULT NULL,
  `point` int(11) DEFAULT NULL,
  `post_count` int(11) DEFAULT NULL,
  `avatar_image_url` varchar(10000) DEFAULT 'https://e106-connectus.s3.ap-northeast-2.amazonaws.com/avatar/character_1.png',
  `walk_count` int(11) DEFAULT NULL,
  `profile_image_url` varchar(255) DEFAULT NULL,
  `spot_id` bigint(20) DEFAULT NULL,
  PRIMARY KEY (`user_id`)
) ENGINE=InnoDB AUTO_INCREMENT=22 DEFAULT CHARSET=utf8mb4 COLLATE=utf8mb4_unicode_ci;

-- Dumping data for table user.user: ~21 rows (approximately)
INSERT INTO `user` (`user_id`, `birthday`, `email`, `name`, `nickname`, `password`, `phone_number`, `point`, `post_count`, `avatar_image_url`, `walk_count`, `profile_image_url`, `spot_id`) VALUES
	(1, '2024-05-10', 'ssafy1@ssafy.com', 'minjun', 'joon', '$2a$10$Y7EoU5bZ1WeDTn5wJ0pVo.bosTYH1hQropAO3QFL3MR5qkhtQ3sOy', '02-3429-5100', 0, 4117, 'https://e106-connectus.s3.ap-northeast-2.amazonaws.com/avatar/character_6.png', 62, NULL, NULL),
	(2, NULL, 'ssafy2@ssafy.com', NULL, '이영욱', '$2a$10$2E0zfV97FmudjRtRgleL5ubV5pLAT3zmiN8cy279e9Umke/9JwL5W', NULL, 10, 15, 'https://e106-connectus.s3.ap-northeast-2.amazonaws.com/avatar/character_3.png', 9, NULL, NULL),
	(3, '2021-08-18', 'joonamin44@gmail.com', 'jinjew', 'jew', '$2a$10$My6Lo6ft1OIsQ4sjyqlqWeiPiGjOVtsA4XiCKxPNGDyor63I2Mv/O', '02-3429-5100', 0, 0, 'https://e106-connectus.s3.ap-northeast-2.amazonaws.com/avatar/character_4.png', 0, NULL, NULL),
	(4, '2025-12-14', 'ssafy3@ssafy.com', 'gios', 'hing', '$2a$10$pAhNDi4ILWjeLKwhmKLIv.CFiPlMrMK18iLofbOZN1JI/UJztdjna', '044-202-7999', 0, 0, 'default', 0, NULL, NULL),
	(5, '2024-05-14', 'string', 'string', 'string', '$2a$10$lmE2p.9/BjVzH69Q3xwxhuqweliWZKeCWIHlY1iZNcO2dIlkBvyBC', 'string', 0, 0, 'default', 0, NULL, NULL),
	(6, NULL, 'ssafy@ssafy.com', NULL, '김싸피', '$2a$10$kD.CZck3HcY3ODPzkhtcuu/gNijdn0EEOTTh8fu2105ZwoYyKVSs6', NULL, 0, 0, 'default', 0, NULL, NULL),
	(7, NULL, 'ssafy4@ssafy.com', 'heunoh', 'heunoh', '$2a$10$A25ad/MNijIkFTVQ8paCw.8BMdN7RcthPgpz3eHXxrX1.7PS4RtgS', NULL, 980, 108, 'https://e106-connectus.s3.ap-northeast-2.amazonaws.com/avatar/character_1.png', 72, NULL, NULL),
	(8, NULL, 'yecoach@ssafy.com', NULL, '영은코치', '$2a$10$wG3OcjIWFNlzJC/ewmNQ4O.m4o4Rl5xtf53l9rKt0vXSkizB0ISre', NULL, 0, 0, 'default', 0, NULL, NULL),
	(9, '2000-01-01', 'ssafy5@ssafy.com', '찬영', '찬찬찬찬', '$2a$10$JVLaexGjEYL1y/iXALz20.RYESzehIs9mK9dMRTmFjMnff5wU4xJC', '010-1010-1010', 100, 0, NULL, 0, 'default', NULL),
	(10, NULL, 'ssafy6@ssafy.com', NULL, '메프도', '$2a$10$D573cONkQ.yXD7wg1AgnMeRCkmmu4pcg.4GWVFcIBgBoPT2ZixlG.', NULL, 0, 25, 'https://e106-connectus.s3.ap-northeast-2.amazonaws.com/avatar/character_4.png', 22, 'default', NULL),
	(11, '2024-05-10', 'ssafy7@ssafy.com', 'hyeonseock', 'smdik', '$2a$10$S9sogKxJRCwU6zbs9NTwCOU0eeVxBFj2kgyOWbTgUbQTTvoBnppSS', '02-2255-0114', 0, 6, 'https://e106-connectus.s3.ap-northeast-2.amazonaws.com/avatar/character_5.png', 3, NULL, NULL),
	(12, NULL, 'ssafy8@ssafy.com', NULL, '찬찬이', '$2a$10$9nmOthJ3vOxfHO3p1GycgudakvS5k.QjeTme4z6J1Htx2zFMaYZx2', NULL, 10, 52, 'https://e106-connectus.s3.ap-northeast-2.amazonaws.com/avatar/character_2.png', 11, NULL, 449616917989192195),
	(13, '2024-05-10', 'ssafy9@ssafy.com', 'hyeonseock', 'smdik', '$2a$10$QG5uEoxtyX7styj7m1iq.OMMVED8fkyGMofwVZU/3td8rekDyQjKW', '02-2255-0114', 0, 0, 'https://e106-connectus.s3.ap-northeast-2.amazonaws.com/avatar/character_5.png', 0, NULL, NULL),
	(14, '2024-05-10', 'ssafy10@ssafy.com', 'hyeonseock', 'smdik', '$2a$10$2Xe2nR2nmzsYGX7h32rXGesOuWKv/s3MV1Wm.zVZ8oiGQkOrnFFaW', '02-2255-0114', 0, 0, 'https://e106-connectus.s3.ap-northeast-2.amazonaws.com/avatar/character_5.png', 0, NULL, NULL),
	(15, '2024-05-10', 'ssafy11@ssafy.com', 'hyeonseock', 'smdik', '$2a$10$WfS1e2nDEF.aPIubLivyOeaDsBF6lyU2lJ8n4wfFEayfh9mln3cja', '02-2255-0114', 0, 0, 'https://e106-connectus.s3.ap-northeast-2.amazonaws.com/avatar/character_5.png', 0, NULL, NULL),
	(16, '2024-05-10', 'ssafy12@ssafy.com', 'hyeonseock', 'smdik', '$2a$10$Ex8KfRik5uCY/9SUuQOXWuqQGiy6jfpk8b54SDwz8LyKWrAH2Ae/6', '02-2255-0114', 0, 0, 'https://e106-connectus.s3.ap-northeast-2.amazonaws.com/avatar/character_5.png', 0, NULL, NULL),
	(17, '2024-05-10', 'ssafy13@ssafy.com', 'hyeonseock', 'smdik', '$2a$10$2hCxBuT.C2VGWHBtZUvkjOo4VSc.UyZ459ZqQQYBRjEqsQxDsxJEq', '02-2255-0114', 0, 0, 'https://e106-connectus.s3.ap-northeast-2.amazonaws.com/avatar/character_5.png', 0, NULL, NULL),
	(18, '2024-05-10', 'ssafy14@ssafy.com', 'hyeonseock', 'smdik', '$2a$10$a4u1Lu64d6sV4aizzVZXQOhQAmGESJotD.XVp7aTycbjaNrqba5I.', '02-2255-0114', 0, 0, 'https://e106-connectus.s3.ap-northeast-2.amazonaws.com/avatar/character_5.png', 0, NULL, NULL),
	(19, '2024-05-10', 'ssafy15@ssafy.com', 'hyeonseock', 'smdik', '$2a$10$WtKELd4aeaRGt339gh0W.Om9eFSC2hrLRNXm7avcdN9bVNCnlBNyC', '02-2255-0114', 0, 0, 'https://e106-connectus.s3.ap-northeast-2.amazonaws.com/avatar/character_5.png', 0, NULL, NULL),
	(20, '2024-05-10', 'ssafy16@ssafy.com', 'hyeonseock', 'smdik', '$2a$10$X.EYt4Ez42ppZndQDB4XNuNa9qJAwStbTEXLttCL51dAqELrJkBx6', '02-2255-0114', 0, 0, 'https://e106-connectus.s3.ap-northeast-2.amazonaws.com/avatar/character_1.png', 0, NULL, NULL),
	(21, NULL, 'ssafy17@ssafy.com', NULL, 'heunoh2', '$2a$10$YOQyTSuzaXKyDz7AUp8zt.84AtpjwpIjggBrolycV6kcvNAU8nK76', NULL, 0, 1, 'https://e106-connectus.s3.ap-northeast-2.amazonaws.com/avatar/character_5.png', 1, NULL, NULL);

-- Dumping structure for table user.user_accomplished_achievements
CREATE TABLE IF NOT EXISTS `user_accomplished_achievements` (
  `user_user_id` bigint(20) NOT NULL,
  `accomplished_achievements` tinyint(4) DEFAULT NULL CHECK (`accomplished_achievements` between 0 and 7),
  KEY `FK7qb2qcqduxslaey56oii23n2u` (`user_user_id`),
  CONSTRAINT `FK7qb2qcqduxslaey56oii23n2u` FOREIGN KEY (`user_user_id`) REFERENCES `user` (`user_id`)
) ENGINE=InnoDB DEFAULT CHARSET=utf8mb4 COLLATE=utf8mb4_unicode_ci;

-- Dumping data for table user.user_accomplished_achievements: ~35 rows (approximately)
INSERT INTO `user_accomplished_achievements` (`user_user_id`, `accomplished_achievements`) VALUES
	(1, 0),
	(1, 1),
	(1, 2),
	(1, 3),
	(1, 5),
	(1, 6),
	(1, 7),
	(1, 4),
	(10, 0),
	(10, 5),
	(10, 1),
	(10, 2),
	(10, 6),
	(7, 0),
	(7, 1),
	(7, 2),
	(7, 5),
	(7, 6),
	(7, 3),
	(7, 7),
	(7, 4),
	(11, 0),
	(11, 5),
	(21, 0),
	(21, 5),
	(2, 0),
	(2, 5),
	(2, 1),
	(2, 6),
	(12, 0),
	(12, 5),
	(12, 6),
	(12, 7),
	(12, 1),
	(12, 2);

-- Dumping structure for table user.user_chat_room_ids
CREATE TABLE IF NOT EXISTS `user_chat_room_ids` (
  `user_user_id` bigint(20) NOT NULL,
  `chat_room_ids` bigint(20) DEFAULT NULL,
  KEY `FKtmdjyvi9k1eo2q70n0tocqefn` (`user_user_id`),
  CONSTRAINT `FKtmdjyvi9k1eo2q70n0tocqefn` FOREIGN KEY (`user_user_id`) REFERENCES `user` (`user_id`)
) ENGINE=InnoDB DEFAULT CHARSET=utf8mb4 COLLATE=utf8mb4_unicode_ci;

-- Dumping data for table user.user_chat_room_ids: ~0 rows (approximately)

-- Dumping structure for table user.user_post_history
CREATE TABLE IF NOT EXISTS `user_post_history` (
  `user_user_id` bigint(20) NOT NULL,
  `post_history` bigint(20) DEFAULT NULL,
  KEY `FKa1njuijtmacsweejm01y4lhay` (`user_user_id`),
  CONSTRAINT `FKa1njuijtmacsweejm01y4lhay` FOREIGN KEY (`user_user_id`) REFERENCES `user` (`user_id`)
) ENGINE=InnoDB DEFAULT CHARSET=utf8mb4 COLLATE=utf8mb4_unicode_ci;

-- Dumping data for table user.user_post_history: ~353 rows (approximately)
INSERT INTO `user_post_history` (`user_user_id`, `post_history`) VALUES
	(1, 130),
	(1, 131),
	(1, 132),
	(1, 133),
	(1, 134),
	(1, 135),
	(1, 136),
	(1, 137),
	(1, 139),
	(1, 140),
	(1, 141),
	(1, 151),
	(1, 152),
	(1, 153),
	(1, 154),
	(1, 213),
	(1, 214),
	(1, 215),
	(1, 216),
	(1, 217),
	(1, 218),
	(1, 219),
	(1, 220),
	(9, 156),
	(9, 168),
	(9, 221),
	(11, 115),
	(11, 14),
	(11, 142),
	(11, 143),
	(11, 150),
	(11, 152),
	(11, 266),
	(11, 289),
	(2, 149),
	(2, 150),
	(2, 195),
	(2, 197),
	(2, 200),
	(2, 275),
	(2, 221),
	(2, 280),
	(2, 281),
	(2, 282),
	(2, 283),
	(2, 284),
	(2, 279),
	(2, 268),
	(2, 286),
	(2, 287),
	(2, 288),
	(2, 276),
	(2, 295),
	(21, 267),
	(21, 288),
	(21, 282),
	(21, 287),
	(21, 287),
	(21, 285),
	(21, 279),
	(21, 268),
	(21, 291),
	(21, 280),
	(21, 276),
	(21, 275),
	(21, 292),
	(21, 313),
	(21, 314),
	(21, 161),
	(21, 315),
	(21, 269),
	(21, 178),
	(21, 305),
	(21, 304),
	(12, 204),
	(12, 221),
	(12, 168),
	(12, 228),
	(12, 229),
	(12, 230),
	(12, 231),
	(12, 232),
	(12, 233),
	(12, 234),
	(12, 235),
	(12, 236),
	(12, 237),
	(12, 238),
	(12, 239),
	(12, 240),
	(12, 241),
	(12, 242),
	(12, 243),
	(12, 244),
	(12, 245),
	(12, 246),
	(12, 247),
	(12, 248),
	(12, 249),
	(12, 250),
	(12, 251),
	(12, 252),
	(12, 253),
	(12, 254),
	(12, 255),
	(12, 256),
	(12, 257),
	(12, 258),
	(12, 259),
	(12, 260),
	(12, 261),
	(12, 262),
	(12, 263),
	(12, 264),
	(12, 265),
	(12, 268),
	(12, 280),
	(12, 278),
	(12, 277),
	(12, 275),
	(12, 276),
	(12, 291),
	(12, 290),
	(12, 195),
	(12, 292),
	(12, 200),
	(12, 293),
	(12, 294),
	(12, 298),
	(12, 299),
	(12, 297),
	(12, 269),
	(12, 196),
	(12, 270),
	(12, 161),
	(12, 295),
	(12, 296),
	(12, 289),
	(12, 284),
	(12, 286),
	(12, 301),
	(12, 302),
	(12, 303),
	(12, 304),
	(12, 305),
	(12, 306),
	(12, 307),
	(12, 300),
	(12, 310),
	(12, 311),
	(12, 312),
	(12, 308),
	(12, 314),
	(12, 313),
	(12, 315),
	(12, 309),
	(12, 319),
	(12, 322),
	(12, 316),
	(7, 117),
	(7, 118),
	(7, 119),
	(7, 15),
	(7, 11),
	(7, 1),
	(7, 142),
	(7, 146),
	(7, 147),
	(7, 148),
	(7, 155),
	(7, 158),
	(7, 161),
	(7, 165),
	(7, 166),
	(7, 168),
	(7, 169),
	(7, 178),
	(7, 179),
	(7, 180),
	(7, 181),
	(7, 182),
	(7, 183),
	(7, 184),
	(7, 185),
	(7, 186),
	(7, 187),
	(7, 188),
	(7, 189),
	(7, 190),
	(7, 191),
	(7, 196),
	(7, 198),
	(7, 199),
	(7, 201),
	(7, 202),
	(7, 203),
	(7, 205),
	(7, 206),
	(7, 207),
	(7, 208),
	(7, 209),
	(7, 210),
	(7, 211),
	(7, 212),
	(7, 222),
	(7, 223),
	(7, 224),
	(7, 225),
	(7, 226),
	(7, 227),
	(7, 192),
	(7, 252),
	(7, 255),
	(7, 257),
	(7, 260),
	(7, 263),
	(7, 228),
	(7, 230),
	(7, 233),
	(7, 236),
	(7, 238),
	(7, 239),
	(7, 245),
	(7, 251),
	(7, 254),
	(7, 258),
	(7, 261),
	(7, 264),
	(7, 229),
	(7, 231),
	(7, 234),
	(7, 237),
	(7, 240),
	(7, 241),
	(7, 242),
	(7, 246),
	(7, 221),
	(7, 248),
	(7, 253),
	(7, 259),
	(7, 265),
	(7, 235),
	(7, 244),
	(7, 250),
	(7, 256),
	(7, 262),
	(7, 232),
	(7, 243),
	(7, 249),
	(7, 247),
	(7, 267),
	(7, 268),
	(7, 204),
	(7, 200),
	(7, 269),
	(7, 270),
	(7, 271),
	(7, 197),
	(7, 195),
	(7, 273),
	(7, 274),
	(7, 272),
	(7, 193),
	(7, 194),
	(7, 177),
	(7, 171),
	(7, 172),
	(7, 275),
	(7, 276),
	(7, 277),
	(7, 279),
	(7, 284),
	(7, 282),
	(7, 280),
	(7, 288),
	(7, 286),
	(7, 287),
	(7, 285),
	(7, 281),
	(7, 278),
	(7, 290),
	(7, 291),
	(7, 292),
	(7, 289),
	(7, 293),
	(7, 294),
	(7, 296),
	(7, 297),
	(7, 299),
	(7, 300),
	(7, 301),
	(7, 302),
	(7, 307),
	(7, 308),
	(7, 309),
	(7, 310),
	(7, 306),
	(7, 312),
	(7, 311),
	(7, 305),
	(7, 313),
	(7, 314),
	(7, 315),
	(7, 316),
	(7, 317),
	(7, 318),
	(7, 304),
	(7, 303),
	(7, 319),
	(7, 320),
	(7, 321),
	(7, 322),
	(7, 323),
	(7, 298),
	(7, 324),
	(10, 143),
	(10, 144),
	(10, 145),
	(10, 156),
	(10, 157),
	(10, 159),
	(10, 160),
	(10, 162),
	(10, 163),
	(10, 164),
	(10, 167),
	(10, 173),
	(10, 175),
	(10, 176),
	(10, 177),
	(10, 192),
	(10, 193),
	(10, 194),
	(10, 272),
	(10, 273),
	(10, 274),
	(10, 278),
	(10, 279),
	(10, 283),
	(10, 284),
	(10, 285),
	(10, 281),
	(10, 277),
	(10, 221),
	(10, 276),
	(10, 275),
	(10, 280),
	(10, 318),
	(10, 317),
	(10, 316),
	(10, 323),
	(10, 148),
	(10, 324);

/*!40103 SET TIME_ZONE=IFNULL(@OLD_TIME_ZONE, 'system') */;
/*!40101 SET SQL_MODE=IFNULL(@OLD_SQL_MODE, '') */;
/*!40014 SET FOREIGN_KEY_CHECKS=IFNULL(@OLD_FOREIGN_KEY_CHECKS, 1) */;
/*!40101 SET CHARACTER_SET_CLIENT=@OLD_CHARACTER_SET_CLIENT */;
/*!40111 SET SQL_NOTES=IFNULL(@OLD_SQL_NOTES, 1) */;
